Country,Date,Cases
LVA,2020-04-19,13
LVA,2020-04-20,7
LVA,2020-04-21,6
LVA,2020-04-22,6
LVA,2020-04-23,5
LVA,2020-04-24,5
LVA,2020-04-25,4
LVA,2020-04-26,4
LVA,2020-04-27,4
LVA,2020-04-28,3
LVA,2020-04-29,3
LVA,2020-04-30,2
LVA,2020-05-01,2
LVA,2020-05-02,3
IDN,2020-04-19,340
IDN,2020-04-20,394
IDN,2020-04-21,406
IDN,2020-04-22,419
IDN,2020-04-23,430
IDN,2020-04-24,442
IDN,2020-04-25,453
IDN,2020-04-26,463
IDN,2020-04-27,474
IDN,2020-04-28,483
IDN,2020-04-29,493
IDN,2020-04-30,501
IDN,2020-05-01,509
IDN,2020-05-02,517
NOR,2020-04-19,228
NOR,2020-04-20,73
NOR,2020-04-21,67
NOR,2020-04-22,63
NOR,2020-04-23,58
NOR,2020-04-24,54
NOR,2020-04-25,49
NOR,2020-04-26,46
NOR,2020-04-27,43
NOR,2020-04-28,40
NOR,2020-04-29,36
NOR,2020-04-30,34
NOR,2020-05-01,31
NOR,2020-05-02,28
CHN,2020-04-19,0
CHN,2020-04-20,0
CHN,2020-04-21,1
CHN,2020-04-22,0
CHN,2020-04-23,0
CHN,2020-04-24,0
CHN,2020-04-25,1
CHN,2020-04-26,0
CHN,2020-04-27,0
CHN,2020-04-28,0
CHN,2020-04-29,0
CHN,2020-04-30,0
CHN,2020-05-01,0
CHN,2020-05-02,0
MKD,2020-04-19,35
MKD,2020-04-20,57
MKD,2020-04-21,57
MKD,2020-04-22,57
MKD,2020-04-23,57
MKD,2020-04-24,58
MKD,2020-04-25,57
MKD,2020-04-26,57
MKD,2020-04-27,58
MKD,2020-04-28,56
MKD,2020-04-29,57
MKD,2020-04-30,56
MKD,2020-05-01,55
MKD,2020-05-02,55
TUN,2020-04-19,0
TUN,2020-04-20,14
TUN,2020-04-21,13
TUN,2020-04-22,13
TUN,2020-04-23,11
TUN,2020-04-24,10
TUN,2020-04-25,9
TUN,2020-04-26,9
TUN,2020-04-27,8
TUN,2020-04-28,7
TUN,2020-04-29,6
TUN,2020-04-30,7
TUN,2020-05-01,5
TUN,2020-05-02,5
IRN,2020-04-19,4431
IRN,2020-04-20,1920
IRN,2020-04-21,1873
IRN,2020-04-22,1827
IRN,2020-04-23,1780
IRN,2020-04-24,1733
IRN,2020-04-25,1685
IRN,2020-04-26,1637
IRN,2020-04-27,1590
IRN,2020-04-28,1543
IRN,2020-04-29,1495
IRN,2020-04-30,1449
IRN,2020-05-01,1402
IRN,2020-05-02,1358
ESP,2020-04-19,0
ESP,2020-04-20,2690
ESP,2020-04-21,2484
ESP,2020-04-22,2291
ESP,2020-04-23,2110
ESP,2020-04-24,1943
ESP,2020-04-25,1786
ESP,2020-04-26,1641
ESP,2020-04-27,1507
ESP,2020-04-28,1382
ESP,2020-04-29,1268
ESP,2020-04-30,1161
ESP,2020-05-01,1064
ESP,2020-05-02,973
CMR,2020-04-19,0
CMR,2020-04-20,5
CMR,2020-04-21,5
CMR,2020-04-22,3
CMR,2020-04-23,3
CMR,2020-04-24,2
CMR,2020-04-25,2
CMR,2020-04-26,2
CMR,2020-04-27,1
CMR,2020-04-28,1
CMR,2020-04-29,0
CMR,2020-04-30,1
CMR,2020-05-01,1
CMR,2020-05-02,0
JEY,2020-04-19,13
JEY,2020-04-20,4
JEY,2020-04-21,3
JEY,2020-04-22,3
JEY,2020-04-23,3
JEY,2020-04-24,2
JEY,2020-04-25,2
JEY,2020-04-26,2
JEY,2020-04-27,2
JEY,2020-04-28,2
JEY,2020-04-29,1
JEY,2020-04-30,1
JEY,2020-05-01,1
JEY,2020-05-02,1
GIN,2020-04-19,42
GIN,2020-04-20,43
GIN,2020-04-21,43
GIN,2020-04-22,44
GIN,2020-04-23,44
GIN,2020-04-24,44
GIN,2020-04-25,43
GIN,2020-04-26,44
GIN,2020-04-27,42
GIN,2020-04-28,42
GIN,2020-04-29,42
GIN,2020-04-30,40
GIN,2020-05-01,40
GIN,2020-05-02,38
GHA,2020-04-19,105
GHA,2020-04-20,48
GHA,2020-04-21,49
GHA,2020-04-22,51
GHA,2020-04-23,51
GHA,2020-04-24,53
GHA,2020-04-25,53
GHA,2020-04-26,54
GHA,2020-04-27,55
GHA,2020-04-28,56
GHA,2020-04-29,57
GHA,2020-04-30,57
GHA,2020-05-01,57
GHA,2020-05-02,58
BMU,2020-04-19,1
BMU,2020-04-20,4
BMU,2020-04-21,5
BMU,2020-04-22,4
BMU,2020-04-23,5
BMU,2020-04-24,4
BMU,2020-04-25,5
BMU,2020-04-26,4
BMU,2020-04-27,5
BMU,2020-04-28,5
BMU,2020-04-29,4
BMU,2020-04-30,5
BMU,2020-05-01,5
BMU,2020-05-02,4
DEU,2020-04-19,1818
DEU,2020-04-20,2138
DEU,2020-04-21,1987
DEU,2020-04-22,1843
DEU,2020-04-23,1710
DEU,2020-04-24,1583
DEU,2020-04-25,1465
DEU,2020-04-26,1354
DEU,2020-04-27,1251
DEU,2020-04-28,1155
DEU,2020-04-29,1066
DEU,2020-04-30,982
DEU,2020-05-01,905
DEU,2020-05-02,833
GBR,2020-04-19,6123
GBR,2020-04-20,5265
GBR,2020-04-21,5185
GBR,2020-04-22,5093
GBR,2020-04-23,4992
GBR,2020-04-24,4881
GBR,2020-04-25,4764
GBR,2020-04-26,4639
GBR,2020-04-27,4510
GBR,2020-04-28,4376
GBR,2020-04-29,4240
GBR,2020-04-30,4101
GBR,2020-05-01,3962
GBR,2020-05-02,3821
BGR,2020-04-19,0
BGR,2020-04-20,16
BGR,2020-04-21,16
BGR,2020-04-22,15
BGR,2020-04-23,14
BGR,2020-04-24,14
BGR,2020-04-25,13
BGR,2020-04-26,12
BGR,2020-04-27,12
BGR,2020-04-28,11
BGR,2020-04-29,10
BGR,2020-04-30,10
BGR,2020-05-01,9
BGR,2020-05-02,9
ARG,2020-04-19,42
ARG,2020-04-20,70
ARG,2020-04-21,67
ARG,2020-04-22,65
ARG,2020-04-23,60
ARG,2020-04-24,58
ARG,2020-04-25,55
ARG,2020-04-26,52
ARG,2020-04-27,49
ARG,2020-04-28,46
ARG,2020-04-29,44
ARG,2020-04-30,41
ARG,2020-05-01,38
ARG,2020-05-02,37
FIN,2020-04-19,178
FIN,2020-04-20,120
FIN,2020-04-21,118
FIN,2020-04-22,115
FIN,2020-04-23,114
FIN,2020-04-24,112
FIN,2020-04-25,109
FIN,2020-04-26,106
FIN,2020-04-27,104
FIN,2020-04-28,102
FIN,2020-04-29,98
FIN,2020-04-30,97
FIN,2020-05-01,93
FIN,2020-05-02,91
ECU,2020-04-19,872
ECU,2020-04-20,425
ECU,2020-04-21,422
ECU,2020-04-22,417
ECU,2020-04-23,412
ECU,2020-04-24,407
ECU,2020-04-25,399
ECU,2020-04-26,393
ECU,2020-04-27,385
ECU,2020-04-28,376
ECU,2020-04-29,369
ECU,2020-04-30,359
ECU,2020-05-01,350
ECU,2020-05-02,341
NER,2020-04-19,17
NER,2020-04-20,11
NER,2020-04-21,10
NER,2020-04-22,8
NER,2020-04-23,6
NER,2020-04-24,5
NER,2020-04-25,5
NER,2020-04-26,4
NER,2020-04-27,3
NER,2020-04-28,2
NER,2020-04-29,2
NER,2020-04-30,2
NER,2020-05-01,1
NER,2020-05-02,1
PAN,2020-04-19,169
PAN,2020-04-20,174
PAN,2020-04-21,171
PAN,2020-04-22,167
PAN,2020-04-23,163
PAN,2020-04-24,159
PAN,2020-04-25,154
PAN,2020-04-26,150
PAN,2020-04-27,145
PAN,2020-04-28,141
PAN,2020-04-29,136
PAN,2020-04-30,131
PAN,2020-05-01,126
PAN,2020-05-02,121
SUR,2020-04-19,0
SUR,2020-04-20,0
SUR,2020-04-21,0
SUR,2020-04-22,0
SUR,2020-04-23,0
SUR,2020-04-24,0
SUR,2020-04-25,0
SUR,2020-04-26,0
SUR,2020-04-27,0
SUR,2020-04-28,0
SUR,2020-04-29,0
SUR,2020-04-30,0
SUR,2020-05-01,0
SUR,2020-05-02,0
CZE,2020-04-19,170
CZE,2020-04-20,99
CZE,2020-04-21,92
CZE,2020-04-22,85
CZE,2020-04-23,78
CZE,2020-04-24,72
CZE,2020-04-25,67
CZE,2020-04-26,62
CZE,2020-04-27,56
CZE,2020-04-28,53
CZE,2020-04-29,48
CZE,2020-04-30,44
CZE,2020-05-01,40
CZE,2020-05-02,37
KWT,2020-04-19,233
KWT,2020-04-20,169
KWT,2020-04-21,184
KWT,2020-04-22,198
KWT,2020-04-23,215
KWT,2020-04-24,233
KWT,2020-04-25,251
KWT,2020-04-26,272
KWT,2020-04-27,294
KWT,2020-04-28,317
KWT,2020-04-29,342
KWT,2020-04-30,369
KWT,2020-05-01,398
KWT,2020-05-02,429
ARE,2020-04-19,698
ARE,2020-04-20,416
ARE,2020-04-21,414
ARE,2020-04-22,410
ARE,2020-04-23,406
ARE,2020-04-24,399
ARE,2020-04-25,392
ARE,2020-04-26,383
ARE,2020-04-27,374
ARE,2020-04-28,365
ARE,2020-04-29,354
ARE,2020-04-30,343
ARE,2020-05-01,331
ARE,2020-05-02,320
LBY,2020-04-19,6
LBY,2020-04-20,5
LBY,2020-04-21,6
LBY,2020-04-22,6
LBY,2020-04-23,6
LBY,2020-04-24,7
LBY,2020-04-25,8
LBY,2020-04-26,8
LBY,2020-04-27,9
LBY,2020-04-28,9
LBY,2020-04-29,9
LBY,2020-04-30,11
LBY,2020-05-01,11
LBY,2020-05-02,11
MLI,2020-04-19,20
MLI,2020-04-20,22
MLI,2020-04-21,23
MLI,2020-04-22,24
MLI,2020-04-23,26
MLI,2020-04-24,28
MLI,2020-04-25,29
MLI,2020-04-26,31
MLI,2020-04-27,32
MLI,2020-04-28,34
MLI,2020-04-29,35
MLI,2020-04-30,37
MLI,2020-05-01,39
MLI,2020-05-02,40
LUX,2020-04-19,0
LUX,2020-04-20,20
LUX,2020-04-21,19
LUX,2020-04-22,16
LUX,2020-04-23,14
LUX,2020-04-24,12
LUX,2020-04-25,12
LUX,2020-04-26,9
LUX,2020-04-27,9
LUX,2020-04-28,8
LUX,2020-04-29,6
LUX,2020-04-30,6
LUX,2020-05-01,5
LUX,2020-05-02,5
SMR,2020-04-19,0
SMR,2020-04-20,8
SMR,2020-04-21,8
SMR,2020-04-22,7
SMR,2020-04-23,8
SMR,2020-04-24,7
SMR,2020-04-25,7
SMR,2020-04-26,6
SMR,2020-04-27,7
SMR,2020-04-28,6
SMR,2020-04-29,6
SMR,2020-04-30,6
SMR,2020-05-01,6
SMR,2020-05-02,6
PHL,2020-04-19,0
PHL,2020-04-20,134
PHL,2020-04-21,126
PHL,2020-04-22,117
PHL,2020-04-23,109
PHL,2020-04-24,101
PHL,2020-04-25,94
PHL,2020-04-26,87
PHL,2020-04-27,80
PHL,2020-04-28,75
PHL,2020-04-29,68
PHL,2020-04-30,64
PHL,2020-05-01,58
PHL,2020-05-02,54
BRN,2020-04-19,3
BRN,2020-04-20,0
BRN,2020-04-21,0
BRN,2020-04-22,0
BRN,2020-04-23,0
BRN,2020-04-24,0
BRN,2020-04-25,0
BRN,2020-04-26,0
BRN,2020-04-27,0
BRN,2020-04-28,0
BRN,2020-04-29,0
BRN,2020-04-30,0
BRN,2020-05-01,0
BRN,2020-05-02,0
AUS,2020-04-19,39
AUS,2020-04-20,21
AUS,2020-04-21,17
AUS,2020-04-22,15
AUS,2020-04-23,13
AUS,2020-04-24,11
AUS,2020-04-25,10
AUS,2020-04-26,8
AUS,2020-04-27,7
AUS,2020-04-28,6
AUS,2020-04-29,5
AUS,2020-04-30,4
AUS,2020-05-01,4
AUS,2020-05-02,3
USA,2020-04-19,20596
USA,2020-04-20,24313
USA,2020-04-21,23267
USA,2020-04-22,22217
USA,2020-04-23,21167
USA,2020-04-24,20126
USA,2020-04-25,19102
USA,2020-04-26,18099
USA,2020-04-27,17120
USA,2020-04-28,16171
USA,2020-04-29,15254
USA,2020-04-30,14371
USA,2020-05-01,13522
USA,2020-05-02,12710
TTO,2020-04-19,0
TTO,2020-04-20,0
TTO,2020-04-21,0
TTO,2020-04-22,0
TTO,2020-04-23,1
TTO,2020-04-24,0
TTO,2020-04-25,0
TTO,2020-04-26,0
TTO,2020-04-27,0
TTO,2020-04-28,0
TTO,2020-04-29,0
TTO,2020-04-30,0
TTO,2020-05-01,0
TTO,2020-05-02,0
PRY,2020-04-19,0
PRY,2020-04-20,7
PRY,2020-04-21,6
PRY,2020-04-22,6
PRY,2020-04-23,6
PRY,2020-04-24,6
PRY,2020-04-25,5
PRY,2020-04-26,6
PRY,2020-04-27,5
PRY,2020-04-28,5
PRY,2020-04-29,5
PRY,2020-04-30,5
PRY,2020-05-01,5
PRY,2020-05-02,5
IND,2020-04-19,1437
IND,2020-04-20,1252
IND,2020-04-21,1286
IND,2020-04-22,1317
IND,2020-04-23,1344
IND,2020-04-24,1368
IND,2020-04-25,1387
IND,2020-04-26,1404
IND,2020-04-27,1415
IND,2020-04-28,1424
IND,2020-04-29,1430
IND,2020-04-30,1431
IND,2020-05-01,1430
IND,2020-05-02,1425
IRL,2020-04-19,1331
IRL,2020-04-20,1123
IRL,2020-04-21,1175
IRL,2020-04-22,1228
IRL,2020-04-23,1279
IRL,2020-04-24,1332
IRL,2020-04-25,1385
IRL,2020-04-26,1436
IRL,2020-04-27,1489
IRL,2020-04-28,1540
IRL,2020-04-29,1591
IRL,2020-04-30,1642
IRL,2020-05-01,1692
IRL,2020-05-02,1740
VIR,2020-04-19,3
VIR,2020-04-20,0
VIR,2020-04-21,1
VIR,2020-04-22,0
VIR,2020-04-23,0
VIR,2020-04-24,1
VIR,2020-04-25,0
VIR,2020-04-26,0
VIR,2020-04-27,0
VIR,2020-04-28,0
VIR,2020-04-29,0
VIR,2020-04-30,1
VIR,2020-05-01,0
VIR,2020-05-02,0
AZE,2020-04-19,85
AZE,2020-04-20,51
AZE,2020-04-21,49
AZE,2020-04-22,46
AZE,2020-04-23,43
AZE,2020-04-24,42
AZE,2020-04-25,39
AZE,2020-04-26,36
AZE,2020-04-27,35
AZE,2020-04-28,32
AZE,2020-04-29,30
AZE,2020-04-30,29
AZE,2020-05-01,26
AZE,2020-05-02,25
KHM,2020-04-19,0
KHM,2020-04-20,0
KHM,2020-04-21,0
KHM,2020-04-22,0
KHM,2020-04-23,0
KHM,2020-04-24,0
KHM,2020-04-25,0
KHM,2020-04-26,0
KHM,2020-04-27,0
KHM,2020-04-28,0
KHM,2020-04-29,0
KHM,2020-04-30,0
KHM,2020-05-01,0
KHM,2020-05-02,0
CHL,2020-04-19,237
CHL,2020-04-20,353
CHL,2020-04-21,342
CHL,2020-04-22,333
CHL,2020-04-23,323
CHL,2020-04-24,312
CHL,2020-04-25,301
CHL,2020-04-26,291
CHL,2020-04-27,279
CHL,2020-04-28,268
CHL,2020-04-29,258
CHL,2020-04-30,247
CHL,2020-05-01,236
CHL,2020-05-02,226
TGO,2020-04-19,6
TGO,2020-04-20,2
TGO,2020-04-21,2
TGO,2020-04-22,1
TGO,2020-04-23,2
TGO,2020-04-24,2
TGO,2020-04-25,1
TGO,2020-04-26,2
TGO,2020-04-27,1
TGO,2020-04-28,1
TGO,2020-04-29,1
TGO,2020-04-30,2
TGO,2020-05-01,1
TGO,2020-05-02,1
EGY,2020-04-19,275
EGY,2020-04-20,221
EGY,2020-04-21,232
EGY,2020-04-22,243
EGY,2020-04-23,255
EGY,2020-04-24,267
EGY,2020-04-25,278
EGY,2020-04-26,290
EGY,2020-04-27,303
EGY,2020-04-28,314
EGY,2020-04-29,328
EGY,2020-04-30,339
EGY,2020-05-01,353
EGY,2020-05-02,365
FJI,2020-04-19,1
FJI,2020-04-20,0
FJI,2020-04-21,1
FJI,2020-04-22,0
FJI,2020-04-23,0
FJI,2020-04-24,0
FJI,2020-04-25,1
FJI,2020-04-26,0
FJI,2020-04-27,0
FJI,2020-04-28,0
FJI,2020-04-29,0
FJI,2020-04-30,0
FJI,2020-05-01,0
FJI,2020-05-02,0
COG,2020-04-19,0
COG,2020-04-20,15
COG,2020-04-21,17
COG,2020-04-22,18
COG,2020-04-23,21
COG,2020-04-24,22
COG,2020-04-25,24
COG,2020-04-26,26
COG,2020-04-27,29
COG,2020-04-28,32
COG,2020-04-29,34
COG,2020-04-30,38
COG,2020-05-01,42
COG,2020-05-02,45
NZL,2020-04-19,11
NZL,2020-04-20,4
NZL,2020-04-21,4
NZL,2020-04-22,3
NZL,2020-04-23,3
NZL,2020-04-24,2
NZL,2020-04-25,2
NZL,2020-04-26,1
NZL,2020-04-27,1
NZL,2020-04-28,1
NZL,2020-04-29,1
NZL,2020-04-30,1
NZL,2020-05-01,1
NZL,2020-05-02,0
PRT,2020-04-19,604
PRT,2020-04-20,444
PRT,2020-04-21,417
PRT,2020-04-22,390
PRT,2020-04-23,365
PRT,2020-04-24,341
PRT,2020-04-25,318
PRT,2020-04-26,296
PRT,2020-04-27,276
PRT,2020-04-28,256
PRT,2020-04-29,237
PRT,2020-04-30,221
PRT,2020-05-01,204
PRT,2020-05-02,189
KAZ,2020-04-19,87
KAZ,2020-04-20,121
KAZ,2020-04-21,126
KAZ,2020-04-22,129
KAZ,2020-04-23,135
KAZ,2020-04-24,138
KAZ,2020-04-25,142
KAZ,2020-04-26,147
KAZ,2020-04-27,150
KAZ,2020-04-28,154
KAZ,2020-04-29,157
KAZ,2020-04-30,161
KAZ,2020-05-01,163
KAZ,2020-05-02,167
HUN,2020-04-19,135
HUN,2020-04-20,100
HUN,2020-04-21,99
HUN,2020-04-22,101
HUN,2020-04-23,100
HUN,2020-04-24,101
HUN,2020-04-25,100
HUN,2020-04-26,100
HUN,2020-04-27,100
HUN,2020-04-28,99
HUN,2020-04-29,99
HUN,2020-04-30,98
HUN,2020-05-01,96
HUN,2020-05-02,96
IRQ,2020-04-19,101
IRQ,2020-04-20,40
IRQ,2020-04-21,39
IRQ,2020-04-22,36
IRQ,2020-04-23,36
IRQ,2020-04-24,34
IRQ,2020-04-25,32
IRQ,2020-04-26,31
IRQ,2020-04-27,30
IRQ,2020-04-28,28
IRQ,2020-04-29,27
IRQ,2020-04-30,26
IRQ,2020-05-01,24
IRQ,2020-05-02,23
MWI,2020-04-19,1
MWI,2020-04-20,1
MWI,2020-04-21,1
MWI,2020-04-22,0
MWI,2020-04-23,1
MWI,2020-04-24,0
MWI,2020-04-25,1
MWI,2020-04-26,0
MWI,2020-04-27,0
MWI,2020-04-28,1
MWI,2020-04-29,0
MWI,2020-04-30,0
MWI,2020-05-01,0
MWI,2020-05-02,1
BIH,2020-04-19,15
BIH,2020-04-20,31
BIH,2020-04-21,31
BIH,2020-04-22,28
BIH,2020-04-23,27
BIH,2020-04-24,25
BIH,2020-04-25,24
BIH,2020-04-26,22
BIH,2020-04-27,21
BIH,2020-04-28,19
BIH,2020-04-29,19
BIH,2020-04-30,17
BIH,2020-05-01,16
BIH,2020-05-02,15
GEO,2020-04-19,13
GEO,2020-04-20,23
GEO,2020-04-21,24
GEO,2020-04-22,25
GEO,2020-04-23,26
GEO,2020-04-24,27
GEO,2020-04-25,29
GEO,2020-04-26,29
GEO,2020-04-27,31
GEO,2020-04-28,31
GEO,2020-04-29,33
GEO,2020-04-30,34
GEO,2020-05-01,36
GEO,2020-05-02,36
KNA,2020-04-19,0
KNA,2020-04-20,0
KNA,2020-04-21,1
KNA,2020-04-22,0
KNA,2020-04-23,0
KNA,2020-04-24,0
KNA,2020-04-25,0
KNA,2020-04-26,0
KNA,2020-04-27,0
KNA,2020-04-28,0
KNA,2020-04-29,0
KNA,2020-04-30,0
KNA,2020-05-01,0
KNA,2020-05-02,0
HND,2020-04-19,0
HND,2020-04-20,6
HND,2020-04-21,5
HND,2020-04-22,5
HND,2020-04-23,5
HND,2020-04-24,3
HND,2020-04-25,4
HND,2020-04-26,3
HND,2020-04-27,3
HND,2020-04-28,2
HND,2020-04-29,2
HND,2020-04-30,2
HND,2020-05-01,2
HND,2020-05-02,1
GRL,2020-04-19,0
GRL,2020-04-20,0
GRL,2020-04-21,0
GRL,2020-04-22,0
GRL,2020-04-23,0
GRL,2020-04-24,0
GRL,2020-04-25,0
GRL,2020-04-26,0
GRL,2020-04-27,0
GRL,2020-04-28,0
GRL,2020-04-29,0
GRL,2020-04-30,0
GRL,2020-05-01,0
GRL,2020-05-02,0
BGD,2020-04-19,453
BGD,2020-04-20,497
BGD,2020-04-21,590
BGD,2020-04-22,696
BGD,2020-04-23,819
BGD,2020-04-24,958
BGD,2020-04-25,1118
BGD,2020-04-26,1297
BGD,2020-04-27,1500
BGD,2020-04-28,1728
BGD,2020-04-29,1982
BGD,2020-04-30,2267
BGD,2020-05-01,2582
BGD,2020-05-02,2931
CYM,2020-04-19,0
CYM,2020-04-20,1
CYM,2020-04-21,0
CYM,2020-04-22,1
CYM,2020-04-23,0
CYM,2020-04-24,1
CYM,2020-04-25,0
CYM,2020-04-26,1
CYM,2020-04-27,0
CYM,2020-04-28,0
CYM,2020-04-29,0
CYM,2020-04-30,0
CYM,2020-05-01,1
CYM,2020-05-02,0
MLT,2020-04-19,29
MLT,2020-04-20,15
MLT,2020-04-21,14
MLT,2020-04-22,14
MLT,2020-04-23,14
MLT,2020-04-24,13
MLT,2020-04-25,14
MLT,2020-04-26,13
MLT,2020-04-27,12
MLT,2020-04-28,13
MLT,2020-04-29,12
MLT,2020-04-30,11
MLT,2020-05-01,12
MLT,2020-05-02,11
QAT,2020-04-19,387
QAT,2020-04-20,482
QAT,2020-04-21,527
QAT,2020-04-22,577
QAT,2020-04-23,630
QAT,2020-04-24,690
QAT,2020-04-25,754
QAT,2020-04-26,825
QAT,2020-04-27,901
QAT,2020-04-28,986
QAT,2020-04-29,1077
QAT,2020-04-30,1177
QAT,2020-05-01,1286
QAT,2020-05-02,1405
SXM,2020-04-19,2
SXM,2020-04-20,0
SXM,2020-04-21,1
SXM,2020-04-22,0
SXM,2020-04-23,1
SXM,2020-04-24,0
SXM,2020-04-25,0
SXM,2020-04-26,1
SXM,2020-04-27,0
SXM,2020-04-28,0
SXM,2020-04-29,0
SXM,2020-04-30,0
SXM,2020-05-01,0
SXM,2020-05-02,0
KOR,2020-04-19,0
KOR,2020-04-20,2
KOR,2020-04-21,3
KOR,2020-04-22,2
KOR,2020-04-23,1
KOR,2020-04-24,2
KOR,2020-04-25,1
KOR,2020-04-26,2
KOR,2020-04-27,1
KOR,2020-04-28,1
KOR,2020-04-29,1
KOR,2020-04-30,0
KOR,2020-05-01,1
KOR,2020-05-02,1
THA,2020-04-19,73
THA,2020-04-20,22
THA,2020-04-21,20
THA,2020-04-22,17
THA,2020-04-23,16
THA,2020-04-24,14
THA,2020-04-25,13
THA,2020-04-26,11
THA,2020-04-27,11
THA,2020-04-28,9
THA,2020-04-29,8
THA,2020-04-30,7
THA,2020-05-01,7
THA,2020-05-02,6
ETH,2020-04-19,7
ETH,2020-04-20,5
ETH,2020-04-21,6
ETH,2020-04-22,6
ETH,2020-04-23,6
ETH,2020-04-24,6
ETH,2020-04-25,6
ETH,2020-04-26,6
ETH,2020-04-27,6
ETH,2020-04-28,6
ETH,2020-04-29,6
ETH,2020-04-30,6
ETH,2020-05-01,6
ETH,2020-05-02,6
VEN,2020-04-19,0
VEN,2020-04-20,2
VEN,2020-04-21,1
VEN,2020-04-22,1
VEN,2020-04-23,1
VEN,2020-04-24,2
VEN,2020-04-25,0
VEN,2020-04-26,1
VEN,2020-04-27,1
VEN,2020-04-28,1
VEN,2020-04-29,1
VEN,2020-04-30,0
VEN,2020-05-01,1
VEN,2020-05-02,0
LBN,2020-04-19,0
LBN,2020-04-20,6
LBN,2020-04-21,5
LBN,2020-04-22,4
LBN,2020-04-23,4
LBN,2020-04-24,4
LBN,2020-04-25,3
LBN,2020-04-26,4
LBN,2020-04-27,3
LBN,2020-04-28,2
LBN,2020-04-29,3
LBN,2020-04-30,2
LBN,2020-05-01,2
LBN,2020-05-02,2
CUB,2020-04-19,63
CUB,2020-04-20,57
CUB,2020-04-21,57
CUB,2020-04-22,57
CUB,2020-04-23,57
CUB,2020-04-24,57
CUB,2020-04-25,56
CUB,2020-04-26,56
CUB,2020-04-27,55
CUB,2020-04-28,54
CUB,2020-04-29,54
CUB,2020-04-30,52
CUB,2020-05-01,51
CUB,2020-05-02,51
ZAF,2020-04-19,0
ZAF,2020-04-20,40
ZAF,2020-04-21,36
ZAF,2020-04-22,34
ZAF,2020-04-23,32
ZAF,2020-04-24,29
ZAF,2020-04-25,28
ZAF,2020-04-26,25
ZAF,2020-04-27,23
ZAF,2020-04-28,21
ZAF,2020-04-29,20
ZAF,2020-04-30,18
ZAF,2020-05-01,17
ZAF,2020-05-02,15
BOL,2020-04-19,35
BOL,2020-04-20,37
BOL,2020-04-21,38
BOL,2020-04-22,39
BOL,2020-04-23,40
BOL,2020-04-24,42
BOL,2020-04-25,42
BOL,2020-04-26,44
BOL,2020-04-27,45
BOL,2020-04-28,47
BOL,2020-04-29,47
BOL,2020-04-30,48
BOL,2020-05-01,49
BOL,2020-05-02,50
CYP,2020-04-19,48
CYP,2020-04-20,22
CYP,2020-04-21,20
CYP,2020-04-22,20
CYP,2020-04-23,19
CYP,2020-04-24,18
CYP,2020-04-25,17
CYP,2020-04-26,16
CYP,2020-04-27,15
CYP,2020-04-28,14
CYP,2020-04-29,14
CYP,2020-04-30,13
CYP,2020-05-01,13
CYP,2020-05-02,11
MDG,2020-04-19,1
MDG,2020-04-20,2
MDG,2020-04-21,1
MDG,2020-04-22,2
MDG,2020-04-23,1
MDG,2020-04-24,1
MDG,2020-04-25,1
MDG,2020-04-26,1
MDG,2020-04-27,1
MDG,2020-04-28,1
MDG,2020-04-29,0
MDG,2020-04-30,1
MDG,2020-05-01,0
MDG,2020-05-02,1
MOZ,2020-04-19,4
MOZ,2020-04-20,3
MOZ,2020-04-21,4
MOZ,2020-04-22,4
MOZ,2020-04-23,5
MOZ,2020-04-24,5
MOZ,2020-04-25,5
MOZ,2020-04-26,6
MOZ,2020-04-27,6
MOZ,2020-04-28,7
MOZ,2020-04-29,7
MOZ,2020-04-30,8
MOZ,2020-05-01,9
MOZ,2020-05-02,10
SVN,2020-04-19,13
SVN,2020-04-20,17
SVN,2020-04-21,15
SVN,2020-04-22,14
SVN,2020-04-23,14
SVN,2020-04-24,13
SVN,2020-04-25,12
SVN,2020-04-26,11
SVN,2020-04-27,10
SVN,2020-04-28,10
SVN,2020-04-29,9
SVN,2020-04-30,8
SVN,2020-05-01,8
SVN,2020-05-02,8
TWN,2020-04-19,17
TWN,2020-04-20,2
TWN,2020-04-21,2
TWN,2020-04-22,2
TWN,2020-04-23,2
TWN,2020-04-24,1
TWN,2020-04-25,1
TWN,2020-04-26,1
TWN,2020-04-27,1
TWN,2020-04-28,1
TWN,2020-04-29,1
TWN,2020-04-30,1
TWN,2020-05-01,0
TWN,2020-05-02,1
COL,2020-04-19,199
COL,2020-04-20,156
COL,2020-04-21,154
COL,2020-04-22,152
COL,2020-04-23,148
COL,2020-04-24,145
COL,2020-04-25,141
COL,2020-04-26,138
COL,2020-04-27,134
COL,2020-04-28,130
COL,2020-04-29,126
COL,2020-04-30,122
COL,2020-05-01,118
COL,2020-05-02,114
BHS,2020-04-19,2
BHS,2020-04-20,2
BHS,2020-04-21,1
BHS,2020-04-22,1
BHS,2020-04-23,2
BHS,2020-04-24,1
BHS,2020-04-25,1
BHS,2020-04-26,1
BHS,2020-04-27,1
BHS,2020-04-28,0
BHS,2020-04-29,1
BHS,2020-04-30,1
BHS,2020-05-01,0
BHS,2020-05-02,1
ALB,2020-04-19,0
ALB,2020-04-20,12
ALB,2020-04-21,12
ALB,2020-04-22,11
ALB,2020-04-23,10
ALB,2020-04-24,10
ALB,2020-04-25,10
ALB,2020-04-26,9
ALB,2020-04-27,8
ALB,2020-04-28,9
ALB,2020-04-29,7
ALB,2020-04-30,8
ALB,2020-05-01,7
ALB,2020-05-02,6
LBR,2020-04-19,4
LBR,2020-04-20,5
LBR,2020-04-21,4
LBR,2020-04-22,3
LBR,2020-04-23,4
LBR,2020-04-24,3
LBR,2020-04-25,2
LBR,2020-04-26,3
LBR,2020-04-27,2
LBR,2020-04-28,2
LBR,2020-04-29,2
LBR,2020-04-30,2
LBR,2020-05-01,1
LBR,2020-05-02,2
DNK,2020-04-19,549
DNK,2020-04-20,257
DNK,2020-04-21,254
DNK,2020-04-22,251
DNK,2020-04-23,249
DNK,2020-04-24,246
DNK,2020-04-25,242
DNK,2020-04-26,239
DNK,2020-04-27,235
DNK,2020-04-28,230
DNK,2020-04-29,227
DNK,2020-04-30,223
DNK,2020-05-01,218
DNK,2020-05-02,214
BFA,2020-04-19,24
BFA,2020-04-20,13
BFA,2020-04-21,11
BFA,2020-04-22,12
BFA,2020-04-23,10
BFA,2020-04-24,10
BFA,2020-04-25,9
BFA,2020-04-26,9
BFA,2020-04-27,8
BFA,2020-04-28,8
BFA,2020-04-29,7
BFA,2020-04-30,6
BFA,2020-05-01,6
BFA,2020-05-02,6
NLD,2020-04-19,521
NLD,2020-04-20,833
NLD,2020-04-21,802
NLD,2020-04-22,772
NLD,2020-04-23,740
NLD,2020-04-24,711
NLD,2020-04-25,680
NLD,2020-04-26,651
NLD,2020-04-27,621
NLD,2020-04-28,594
NLD,2020-04-29,565
NLD,2020-04-30,539
NLD,2020-05-01,513
NLD,2020-05-02,487
UKR,2020-04-19,482
UKR,2020-04-20,623
UKR,2020-04-21,679
UKR,2020-04-22,736
UKR,2020-04-23,798
UKR,2020-04-24,862
UKR,2020-04-25,931
UKR,2020-04-26,1002
UKR,2020-04-27,1076
UKR,2020-04-28,1155
UKR,2020-04-29,1237
UKR,2020-04-30,1322
UKR,2020-05-01,1410
UKR,2020-05-02,1502
MDV,2020-04-19,0
MDV,2020-04-20,0
MDV,2020-04-21,0
MDV,2020-04-22,0
MDV,2020-04-23,0
MDV,2020-04-24,1
MDV,2020-04-25,0
MDV,2020-04-26,0
MDV,2020-04-27,0
MDV,2020-04-28,0
MDV,2020-04-29,0
MDV,2020-04-30,0
MDV,2020-05-01,1
MDV,2020-05-02,0
HRV,2020-04-19,20
HRV,2020-04-20,31
HRV,2020-04-21,29
HRV,2020-04-22,27
HRV,2020-04-23,24
HRV,2020-04-24,23
HRV,2020-04-25,22
HRV,2020-04-26,19
HRV,2020-04-27,18
HRV,2020-04-28,17
HRV,2020-04-29,15
HRV,2020-04-30,15
HRV,2020-05-01,13
HRV,2020-05-02,12
MYS,2020-04-19,110
MYS,2020-04-20,96
MYS,2020-04-21,92
MYS,2020-04-22,87
MYS,2020-04-23,82
MYS,2020-04-24,79
MYS,2020-04-25,74
MYS,2020-04-26,70
MYS,2020-04-27,66
MYS,2020-04-28,62
MYS,2020-04-29,59
MYS,2020-04-30,56
MYS,2020-05-01,53
MYS,2020-05-02,49
CAF,2020-04-19,0
CAF,2020-04-20,0
CAF,2020-04-21,0
CAF,2020-04-22,0
CAF,2020-04-23,0
CAF,2020-04-24,1
CAF,2020-04-25,0
CAF,2020-04-26,0
CAF,2020-04-27,0
CAF,2020-04-28,0
CAF,2020-04-29,0
CAF,2020-04-30,0
CAF,2020-05-01,0
CAF,2020-05-02,0
BLR,2020-04-19,420
BLR,2020-04-20,482
BLR,2020-04-21,483
BLR,2020-04-22,480
BLR,2020-04-23,473
BLR,2020-04-24,464
BLR,2020-04-25,454
BLR,2020-04-26,440
BLR,2020-04-27,426
BLR,2020-04-28,409
BLR,2020-04-29,393
BLR,2020-04-30,376
BLR,2020-05-01,358
BLR,2020-05-02,340
GGY,2020-04-19,11
GGY,2020-04-20,3
GGY,2020-04-21,4
GGY,2020-04-22,2
GGY,2020-04-23,3
GGY,2020-04-24,2
GGY,2020-04-25,2
GGY,2020-04-26,2
GGY,2020-04-27,1
GGY,2020-04-28,1
GGY,2020-04-29,2
GGY,2020-04-30,1
GGY,2020-05-01,0
GGY,2020-05-02,1
MAR,2020-04-19,0
MAR,2020-04-20,145
MAR,2020-04-21,146
MAR,2020-04-22,148
MAR,2020-04-23,149
MAR,2020-04-24,150
MAR,2020-04-25,150
MAR,2020-04-26,151
MAR,2020-04-27,152
MAR,2020-04-28,151
MAR,2020-04-29,151
MAR,2020-04-30,150
MAR,2020-05-01,150
MAR,2020-05-02,148
ROU,2020-04-19,271
ROU,2020-04-20,325
ROU,2020-04-21,316
ROU,2020-04-22,307
ROU,2020-04-23,298
ROU,2020-04-24,288
ROU,2020-04-25,279
ROU,2020-04-26,269
ROU,2020-04-27,259
ROU,2020-04-28,249
ROU,2020-04-29,239
ROU,2020-04-30,230
ROU,2020-05-01,219
ROU,2020-05-02,210
IMN,2020-04-19,10
IMN,2020-04-20,10
IMN,2020-04-21,10
IMN,2020-04-22,9
IMN,2020-04-23,8
IMN,2020-04-24,8
IMN,2020-04-25,8
IMN,2020-04-26,7
IMN,2020-04-27,6
IMN,2020-04-28,6
IMN,2020-04-29,6
IMN,2020-04-30,5
IMN,2020-05-01,5
IMN,2020-05-02,4
SRB,2020-04-19,268
SRB,2020-04-20,424
SRB,2020-04-21,437
SRB,2020-04-22,449
SRB,2020-04-23,459
SRB,2020-04-24,468
SRB,2020-04-25,478
SRB,2020-04-26,485
SRB,2020-04-27,493
SRB,2020-04-28,499
SRB,2020-04-29,504
SRB,2020-04-30,508
SRB,2020-05-01,512
SRB,2020-05-02,514
DZA,2020-04-19,0
DZA,2020-04-20,65
DZA,2020-04-21,62
DZA,2020-04-22,58
DZA,2020-04-23,54
DZA,2020-04-24,51
DZA,2020-04-25,49
DZA,2020-04-26,45
DZA,2020-04-27,42
DZA,2020-04-28,40
DZA,2020-04-29,36
DZA,2020-04-30,35
DZA,2020-05-01,32
DZA,2020-05-02,30
DMA,2020-04-19,0
DMA,2020-04-20,0
DMA,2020-04-21,0
DMA,2020-04-22,0
DMA,2020-04-23,0
DMA,2020-04-24,0
DMA,2020-04-25,0
DMA,2020-04-26,0
DMA,2020-04-27,0
DMA,2020-04-28,0
DMA,2020-04-29,0
DMA,2020-04-30,0
DMA,2020-05-01,0
DMA,2020-05-02,0
EST,2020-04-19,50
EST,2020-04-20,26
EST,2020-04-21,26
EST,2020-04-22,23
EST,2020-04-23,23
EST,2020-04-24,21
EST,2020-04-25,21
EST,2020-04-26,19
EST,2020-04-27,18
EST,2020-04-28,16
EST,2020-04-29,16
EST,2020-04-30,15
EST,2020-05-01,14
EST,2020-05-02,13
BEL,2020-04-19,721
BEL,2020-04-20,1096
BEL,2020-04-21,1053
BEL,2020-04-22,1009
BEL,2020-04-23,965
BEL,2020-04-24,923
BEL,2020-04-25,880
BEL,2020-04-26,838
BEL,2020-04-27,798
BEL,2020-04-28,757
BEL,2020-04-29,719
BEL,2020-04-30,681
BEL,2020-05-01,646
BEL,2020-05-02,610
BLZ,2020-04-19,4
BLZ,2020-04-20,1
BLZ,2020-04-21,2
BLZ,2020-04-22,1
BLZ,2020-04-23,2
BLZ,2020-04-24,1
BLZ,2020-04-25,2
BLZ,2020-04-26,1
BLZ,2020-04-27,2
BLZ,2020-04-28,1
BLZ,2020-04-29,1
BLZ,2020-04-30,2
BLZ,2020-05-01,1
BLZ,2020-05-02,1
HTI,2020-04-19,2
HTI,2020-04-20,2
HTI,2020-04-21,2
HTI,2020-04-22,1
HTI,2020-04-23,2
HTI,2020-04-24,2
HTI,2020-04-25,1
HTI,2020-04-26,2
HTI,2020-04-27,1
HTI,2020-04-28,2
HTI,2020-04-29,1
HTI,2020-04-30,1
HTI,2020-05-01,2
HTI,2020-05-02,1
NGA,2020-04-19,0
NGA,2020-04-20,18
NGA,2020-04-21,19
NGA,2020-04-22,17
NGA,2020-04-23,18
NGA,2020-04-24,17
NGA,2020-04-25,16
NGA,2020-04-26,16
NGA,2020-04-27,16
NGA,2020-04-28,15
NGA,2020-04-29,14
NGA,2020-04-30,14
NGA,2020-05-01,14
NGA,2020-05-02,13
VCT,2020-04-19,1
VCT,2020-04-20,0
VCT,2020-04-21,0
VCT,2020-04-22,0
VCT,2020-04-23,0
VCT,2020-04-24,0
VCT,2020-04-25,0
VCT,2020-04-26,0
VCT,2020-04-27,0
VCT,2020-04-28,0
VCT,2020-04-29,0
VCT,2020-04-30,0
VCT,2020-05-01,0
VCT,2020-05-02,0
BWA,2020-04-19,1
BWA,2020-04-20,0
BWA,2020-04-21,0
BWA,2020-04-22,1
BWA,2020-04-23,0
BWA,2020-04-24,0
BWA,2020-04-25,0
BWA,2020-04-26,1
BWA,2020-04-27,0
BWA,2020-04-28,0
BWA,2020-04-29,0
BWA,2020-04-30,0
BWA,2020-05-01,0
BWA,2020-05-02,0
DOM,2020-04-19,41
DOM,2020-04-20,195
DOM,2020-04-21,193
DOM,2020-04-22,190
DOM,2020-04-23,188
DOM,2020-04-24,185
DOM,2020-04-25,182
DOM,2020-04-26,178
DOM,2020-04-27,174
DOM,2020-04-28,170
DOM,2020-04-29,166
DOM,2020-04-30,161
DOM,2020-05-01,158
DOM,2020-05-02,152
PRI,2020-04-19,34
PRI,2020-04-20,34
PRI,2020-04-21,31
PRI,2020-04-22,29
PRI,2020-04-23,27
PRI,2020-04-24,25
PRI,2020-04-25,23
PRI,2020-04-26,22
PRI,2020-04-27,19
PRI,2020-04-28,18
PRI,2020-04-29,16
PRI,2020-04-30,15
PRI,2020-05-01,14
PRI,2020-05-02,13
ITA,2020-04-19,0
ITA,2020-04-20,2249
ITA,2020-04-21,2121
ITA,2020-04-22,1999
ITA,2020-04-23,1883
ITA,2020-04-24,1772
ITA,2020-04-25,1666
ITA,2020-04-26,1567
ITA,2020-04-27,1471
ITA,2020-04-28,1381
ITA,2020-04-29,1295
ITA,2020-04-30,1215
ITA,2020-05-01,1139
ITA,2020-05-02,1068
SWZ,2020-04-19,0
SWZ,2020-04-20,0
SWZ,2020-04-21,1
SWZ,2020-04-22,0
SWZ,2020-04-23,0
SWZ,2020-04-24,0
SWZ,2020-04-25,1
SWZ,2020-04-26,0
SWZ,2020-04-27,0
SWZ,2020-04-28,1
SWZ,2020-04-29,0
SWZ,2020-04-30,0
SWZ,2020-05-01,0
SWZ,2020-05-02,0
RWA,2020-04-19,0
RWA,2020-04-20,1
RWA,2020-04-21,2
RWA,2020-04-22,1
RWA,2020-04-23,2
RWA,2020-04-24,1
RWA,2020-04-25,1
RWA,2020-04-26,1
RWA,2020-04-27,1
RWA,2020-04-28,0
RWA,2020-04-29,1
RWA,2020-04-30,1
RWA,2020-05-01,0
RWA,2020-05-02,1
CIV,2020-04-19,50
CIV,2020-04-20,42
CIV,2020-04-21,42
CIV,2020-04-22,42
CIV,2020-04-23,41
CIV,2020-04-24,41
CIV,2020-04-25,41
CIV,2020-04-26,40
CIV,2020-04-27,40
CIV,2020-04-28,39
CIV,2020-04-29,39
CIV,2020-04-30,38
CIV,2020-05-01,37
CIV,2020-05-02,36
AND,2020-04-19,2
AND,2020-04-20,7
AND,2020-04-21,7
AND,2020-04-22,7
AND,2020-04-23,5
AND,2020-04-24,6
AND,2020-04-25,4
AND,2020-04-26,5
AND,2020-04-27,4
AND,2020-04-28,3
AND,2020-04-29,3
AND,2020-04-30,3
AND,2020-05-01,3
AND,2020-05-02,2
CHE,2020-04-19,426
CHE,2020-04-20,286
CHE,2020-04-21,263
CHE,2020-04-22,241
CHE,2020-04-23,221
CHE,2020-04-24,202
CHE,2020-04-25,185
CHE,2020-04-26,170
CHE,2020-04-27,154
CHE,2020-04-28,142
CHE,2020-04-29,129
CHE,2020-04-30,118
CHE,2020-05-01,107
CHE,2020-05-02,98
ABW,2020-04-19,0
ABW,2020-04-20,1
ABW,2020-04-21,1
ABW,2020-04-22,0
ABW,2020-04-23,1
ABW,2020-04-24,0
ABW,2020-04-25,0
ABW,2020-04-26,1
ABW,2020-04-27,0
ABW,2020-04-28,0
ABW,2020-04-29,0
ABW,2020-04-30,0
ABW,2020-05-01,1
ABW,2020-05-02,0
CUW,2020-04-19,0
CUW,2020-04-20,0
CUW,2020-04-21,0
CUW,2020-04-22,0
CUW,2020-04-23,0
CUW,2020-04-24,0
CUW,2020-04-25,0
CUW,2020-04-26,0
CUW,2020-04-27,0
CUW,2020-04-28,0
CUW,2020-04-29,0
CUW,2020-04-30,0
CUW,2020-05-01,0
CUW,2020-05-02,0
ISL,2020-04-19,74
ISL,2020-04-20,16
ISL,2020-04-21,14
ISL,2020-04-22,13
ISL,2020-04-23,12
ISL,2020-04-24,11
ISL,2020-04-25,9
ISL,2020-04-26,9
ISL,2020-04-27,8
ISL,2020-04-28,8
ISL,2020-04-29,6
ISL,2020-04-30,7
ISL,2020-05-01,5
ISL,2020-05-02,5
MUS,2020-04-19,26
MUS,2020-04-20,4
MUS,2020-04-21,4
MUS,2020-04-22,4
MUS,2020-04-23,3
MUS,2020-04-24,2
MUS,2020-04-25,3
MUS,2020-04-26,2
MUS,2020-04-27,2
MUS,2020-04-28,2
MUS,2020-04-29,1
MUS,2020-04-30,2
MUS,2020-05-01,1
MUS,2020-05-02,1
ERI,2020-04-19,1
ERI,2020-04-20,0
ERI,2020-04-21,0
ERI,2020-04-22,0
ERI,2020-04-23,0
ERI,2020-04-24,0
ERI,2020-04-25,0
ERI,2020-04-26,0
ERI,2020-04-27,0
ERI,2020-04-28,0
ERI,2020-04-29,0
ERI,2020-04-30,0
ERI,2020-05-01,0
ERI,2020-05-02,1
LAO,2020-04-19,2
LAO,2020-04-20,0
LAO,2020-04-21,0
LAO,2020-04-22,1
LAO,2020-04-23,0
LAO,2020-04-24,1
LAO,2020-04-25,0
LAO,2020-04-26,0
LAO,2020-04-27,0
LAO,2020-04-28,1
LAO,2020-04-29,0
LAO,2020-04-30,0
LAO,2020-05-01,0
LAO,2020-05-02,1
CRI,2020-04-19,14
CRI,2020-04-20,10
CRI,2020-04-21,10
CRI,2020-04-22,9
CRI,2020-04-23,8
CRI,2020-04-24,8
CRI,2020-04-25,7
CRI,2020-04-26,7
CRI,2020-04-27,6
CRI,2020-04-28,6
CRI,2020-04-29,5
CRI,2020-04-30,5
CRI,2020-05-01,5
CRI,2020-05-02,5
BEN,2020-04-19,3
BEN,2020-04-20,1
BEN,2020-04-21,1
BEN,2020-04-22,0
BEN,2020-04-23,1
BEN,2020-04-24,0
BEN,2020-04-25,1
BEN,2020-04-26,0
BEN,2020-04-27,1
BEN,2020-04-28,0
BEN,2020-04-29,0
BEN,2020-04-30,1
BEN,2020-05-01,0
BEN,2020-05-02,0
JOR,2020-04-19,0
JOR,2020-04-20,2
JOR,2020-04-21,2
JOR,2020-04-22,2
JOR,2020-04-23,1
JOR,2020-04-24,2
JOR,2020-04-25,1
JOR,2020-04-26,1
JOR,2020-04-27,1
JOR,2020-04-28,0
JOR,2020-04-29,1
JOR,2020-04-30,1
JOR,2020-05-01,0
JOR,2020-05-02,1
PAK,2020-04-19,274
PAK,2020-04-20,404
PAK,2020-04-21,408
PAK,2020-04-22,412
PAK,2020-04-23,414
PAK,2020-04-24,416
PAK,2020-04-25,417
PAK,2020-04-26,417
PAK,2020-04-27,417
PAK,2020-04-28,417
PAK,2020-04-29,415
PAK,2020-04-30,412
PAK,2020-05-01,411
PAK,2020-05-02,407
OMN,2020-04-19,166
OMN,2020-04-20,133
OMN,2020-04-21,146
OMN,2020-04-22,161
OMN,2020-04-23,177
OMN,2020-04-24,195
OMN,2020-04-25,215
OMN,2020-04-26,235
OMN,2020-04-27,260
OMN,2020-04-28,284
OMN,2020-04-29,313
OMN,2020-04-30,342
OMN,2020-05-01,376
OMN,2020-05-02,413
LIE,2020-04-19,0
LIE,2020-04-20,0
LIE,2020-04-21,1
LIE,2020-04-22,0
LIE,2020-04-23,0
LIE,2020-04-24,0
LIE,2020-04-25,0
LIE,2020-04-26,0
LIE,2020-04-27,0
LIE,2020-04-28,0
LIE,2020-04-29,0
LIE,2020-04-30,0
LIE,2020-05-01,0
LIE,2020-05-02,0
MNE,2020-04-19,8
MNE,2020-04-20,4
MNE,2020-04-21,3
MNE,2020-04-22,4
MNE,2020-04-23,3
MNE,2020-04-24,2
MNE,2020-04-25,3
MNE,2020-04-26,2
MNE,2020-04-27,2
MNE,2020-04-28,2
MNE,2020-04-29,1
MNE,2020-04-30,1
MNE,2020-05-01,2
MNE,2020-05-02,1
BRA,2020-04-19,1459
BRA,2020-04-20,2372
BRA,2020-04-21,2428
BRA,2020-04-22,2480
BRA,2020-04-23,2526
BRA,2020-04-24,2568
BRA,2020-04-25,2604
BRA,2020-04-26,2634
BRA,2020-04-27,2661
BRA,2020-04-28,2681
BRA,2020-04-29,2697
BRA,2020-04-30,2707
BRA,2020-05-01,2714
BRA,2020-05-02,2715
SVK,2020-04-19,0
SVK,2020-04-20,42
SVK,2020-04-21,43
SVK,2020-04-22,43
SVK,2020-04-23,43
SVK,2020-04-24,43
SVK,2020-04-25,44
SVK,2020-04-26,43
SVK,2020-04-27,43
SVK,2020-04-28,42
SVK,2020-04-29,43
SVK,2020-04-30,42
SVK,2020-05-01,43
SVK,2020-05-02,41
GUY,2020-04-19,1
GUY,2020-04-20,3
GUY,2020-04-21,3
GUY,2020-04-22,3
GUY,2020-04-23,3
GUY,2020-04-24,2
GUY,2020-04-25,3
GUY,2020-04-26,3
GUY,2020-04-27,2
GUY,2020-04-28,3
GUY,2020-04-29,2
GUY,2020-04-30,3
GUY,2020-05-01,2
GUY,2020-05-02,2
AUT,2020-04-19,21
AUT,2020-04-20,75
AUT,2020-04-21,67
AUT,2020-04-22,59
AUT,2020-04-23,52
AUT,2020-04-24,47
AUT,2020-04-25,40
AUT,2020-04-26,36
AUT,2020-04-27,32
AUT,2020-04-28,28
AUT,2020-04-29,25
AUT,2020-04-30,21
AUT,2020-05-01,20
AUT,2020-05-02,17
CAN,2020-04-19,383
CAN,2020-04-20,1100
CAN,2020-04-21,1054
CAN,2020-04-22,1009
CAN,2020-04-23,963
CAN,2020-04-24,917
CAN,2020-04-25,873
CAN,2020-04-26,827
CAN,2020-04-27,785
CAN,2020-04-28,742
CAN,2020-04-29,702
CAN,2020-04-30,662
CAN,2020-05-01,624
CAN,2020-05-02,587
FRA,2020-04-19,4260
FRA,2020-04-20,2383
FRA,2020-04-21,2256
FRA,2020-04-22,2135
FRA,2020-04-23,2016
FRA,2020-04-24,1901
FRA,2020-04-25,1792
FRA,2020-04-26,1687
FRA,2020-04-27,1586
FRA,2020-04-28,1489
FRA,2020-04-29,1399
FRA,2020-04-30,1311
FRA,2020-05-01,1229
FRA,2020-05-02,1152
UZB,2020-04-19,238
UZB,2020-04-20,176
UZB,2020-04-21,189
UZB,2020-04-22,202
UZB,2020-04-23,216
UZB,2020-04-24,231
UZB,2020-04-25,245
UZB,2020-04-26,259
UZB,2020-04-27,275
UZB,2020-04-28,291
UZB,2020-04-29,306
UZB,2020-04-30,321
UZB,2020-05-01,338
UZB,2020-05-02,354
SWE,2020-04-19,671
SWE,2020-04-20,596
SWE,2020-04-21,599
SWE,2020-04-22,601
SWE,2020-04-23,602
SWE,2020-04-24,602
SWE,2020-04-25,601
SWE,2020-04-26,600
SWE,2020-04-27,598
SWE,2020-04-28,595
SWE,2020-04-29,591
SWE,2020-04-30,587
SWE,2020-05-01,583
SWE,2020-05-02,577
XKX,2020-04-19,68
XKX,2020-04-20,52
XKX,2020-04-21,57
XKX,2020-04-22,63
XKX,2020-04-23,67
XKX,2020-04-24,74
XKX,2020-04-25,81
XKX,2020-04-26,87
XKX,2020-04-27,96
XKX,2020-04-28,103
XKX,2020-04-29,113
XKX,2020-04-30,122
XKX,2020-05-01,134
XKX,2020-05-02,144
MSR,2020-04-19,1
MSR,2020-04-20,0
MSR,2020-04-21,1
MSR,2020-04-22,0
MSR,2020-04-23,0
MSR,2020-04-24,0
MSR,2020-04-25,1
MSR,2020-04-26,0
MSR,2020-04-27,0
MSR,2020-04-28,0
MSR,2020-04-29,0
MSR,2020-04-30,1
MSR,2020-05-01,0
MSR,2020-05-02,0
NAM,2020-04-19,1
NAM,2020-04-20,0
NAM,2020-04-21,0
NAM,2020-04-22,0
NAM,2020-04-23,0
NAM,2020-04-24,0
NAM,2020-04-25,0
NAM,2020-04-26,0
NAM,2020-04-27,0
NAM,2020-04-28,0
NAM,2020-04-29,0
NAM,2020-04-30,0
NAM,2020-05-01,0
NAM,2020-05-02,0
SDN,2020-04-19,7
SDN,2020-04-20,4
SDN,2020-04-21,4
SDN,2020-04-22,4
SDN,2020-04-23,5
SDN,2020-04-24,5
SDN,2020-04-25,6
SDN,2020-04-26,6
SDN,2020-04-27,6
SDN,2020-04-28,7
SDN,2020-04-29,7
SDN,2020-04-30,8
SDN,2020-05-01,8
SDN,2020-05-02,9
SYR,2020-04-19,0
SYR,2020-04-20,1
SYR,2020-04-21,2
SYR,2020-04-22,1
SYR,2020-04-23,1
SYR,2020-04-24,2
SYR,2020-04-25,1
SYR,2020-04-26,1
SYR,2020-04-27,1
SYR,2020-04-28,2
SYR,2020-04-29,1
SYR,2020-04-30,1
SYR,2020-05-01,1
SYR,2020-05-02,1
AFG,2020-04-19,74
AFG,2020-04-20,56
AFG,2020-04-21,56
AFG,2020-04-22,57
AFG,2020-04-23,56
AFG,2020-04-24,57
AFG,2020-04-25,57
AFG,2020-04-26,57
AFG,2020-04-27,57
AFG,2020-04-28,56
AFG,2020-04-29,56
AFG,2020-04-30,55
AFG,2020-05-01,54
AFG,2020-05-02,54
RUS,2020-04-19,4546
RUS,2020-04-20,5123
RUS,2020-04-21,5742
RUS,2020-04-22,6423
RUS,2020-04-23,7169
RUS,2020-04-24,7986
RUS,2020-04-25,8880
RUS,2020-04-26,9853
RUS,2020-04-27,10913
RUS,2020-04-28,12064
RUS,2020-04-29,13312
RUS,2020-04-30,14661
RUS,2020-05-01,16121
RUS,2020-05-02,17692
ARM,2020-04-19,0
ARM,2020-04-20,25
ARM,2020-04-21,24
ARM,2020-04-22,23
ARM,2020-04-23,21
ARM,2020-04-24,20
ARM,2020-04-25,19
ARM,2020-04-26,18
ARM,2020-04-27,16
ARM,2020-04-28,16
ARM,2020-04-29,14
ARM,2020-04-30,14
ARM,2020-05-01,13
ARM,2020-05-02,12
AGO,2020-04-19,2
AGO,2020-04-20,0
AGO,2020-04-21,0
AGO,2020-04-22,0
AGO,2020-04-23,1
AGO,2020-04-24,0
AGO,2020-04-25,0
AGO,2020-04-26,0
AGO,2020-04-27,0
AGO,2020-04-28,0
AGO,2020-04-29,0
AGO,2020-04-30,0
AGO,2020-05-01,0
AGO,2020-05-02,0
GRD,2020-04-19,0
GRD,2020-04-20,0
GRD,2020-04-21,0
GRD,2020-04-22,0
GRD,2020-04-23,0
GRD,2020-04-24,0
GRD,2020-04-25,0
GRD,2020-04-26,0
GRD,2020-04-27,0
GRD,2020-04-28,0
GRD,2020-04-29,0
GRD,2020-04-30,0
GRD,2020-05-01,0
GRD,2020-05-02,0
SAU,2020-04-19,420
SAU,2020-04-20,648
SAU,2020-04-21,696
SAU,2020-04-22,744
SAU,2020-04-23,796
SAU,2020-04-24,851
SAU,2020-04-25,908
SAU,2020-04-26,968
SAU,2020-04-27,1031
SAU,2020-04-28,1097
SAU,2020-04-29,1168
SAU,2020-04-30,1239
SAU,2020-05-01,1316
SAU,2020-05-02,1396
GTM,2020-04-19,25
GTM,2020-04-20,23
GTM,2020-04-21,25
GTM,2020-04-22,27
GTM,2020-04-23,28
GTM,2020-04-24,31
GTM,2020-04-25,32
GTM,2020-04-26,35
GTM,2020-04-27,37
GTM,2020-04-28,39
GTM,2020-04-29,41
GTM,2020-04-30,44
GTM,2020-05-01,46
GTM,2020-05-02,49
BRB,2020-04-19,3
BRB,2020-04-20,1
BRB,2020-04-21,1
BRB,2020-04-22,1
BRB,2020-04-23,1
BRB,2020-04-24,1
BRB,2020-04-25,0
BRB,2020-04-26,1
BRB,2020-04-27,1
BRB,2020-04-28,0
BRB,2020-04-29,0
BRB,2020-04-30,1
BRB,2020-05-01,0
BRB,2020-05-02,1
VNM,2020-04-19,8
VNM,2020-04-20,2
VNM,2020-04-21,2
VNM,2020-04-22,1
VNM,2020-04-23,1
VNM,2020-04-24,2
VNM,2020-04-25,1
VNM,2020-04-26,1
VNM,2020-04-27,1
VNM,2020-04-28,1
VNM,2020-04-29,0
VNM,2020-04-30,1
VNM,2020-05-01,1
VNM,2020-05-02,0
MDA,2020-04-19,152
MDA,2020-04-20,124
MDA,2020-04-21,122
MDA,2020-04-22,120
MDA,2020-04-23,116
MDA,2020-04-24,114
MDA,2020-04-25,110
MDA,2020-04-26,108
MDA,2020-04-27,103
MDA,2020-04-28,100
MDA,2020-04-29,96
MDA,2020-04-30,93
MDA,2020-05-01,89
MDA,2020-05-02,85
COD,2020-04-19,0
COD,2020-04-20,9
COD,2020-04-21,9
COD,2020-04-22,9
COD,2020-04-23,8
COD,2020-04-24,8
COD,2020-04-25,8
COD,2020-04-26,7
COD,2020-04-27,6
COD,2020-04-28,7
COD,2020-04-29,6
COD,2020-04-30,6
COD,2020-05-01,5
COD,2020-05-02,6
SYC,2020-04-19,0
SYC,2020-04-20,0
SYC,2020-04-21,0
SYC,2020-04-22,0
SYC,2020-04-23,0
SYC,2020-04-24,0
SYC,2020-04-25,0
SYC,2020-04-26,0
SYC,2020-04-27,0
SYC,2020-04-28,0
SYC,2020-04-29,0
SYC,2020-04-30,0
SYC,2020-05-01,0
SYC,2020-05-02,0
LCA,2020-04-19,0
LCA,2020-04-20,0
LCA,2020-04-21,0
LCA,2020-04-22,0
LCA,2020-04-23,0
LCA,2020-04-24,0
LCA,2020-04-25,0
LCA,2020-04-26,0
LCA,2020-04-27,0
LCA,2020-04-28,0
LCA,2020-04-29,0
LCA,2020-04-30,0
LCA,2020-05-01,0
LCA,2020-05-02,0
LTU,2020-04-19,0
LTU,2020-04-20,16
LTU,2020-04-21,15
LTU,2020-04-22,13
LTU,2020-04-23,12
LTU,2020-04-24,11
LTU,2020-04-25,11
LTU,2020-04-26,9
LTU,2020-04-27,8
LTU,2020-04-28,7
LTU,2020-04-29,7
LTU,2020-04-30,6
LTU,2020-05-01,6
LTU,2020-05-02,5
SEN,2020-04-19,0
SEN,2020-04-20,6
SEN,2020-04-21,6
SEN,2020-04-22,5
SEN,2020-04-23,6
SEN,2020-04-24,5
SEN,2020-04-25,4
SEN,2020-04-26,5
SEN,2020-04-27,4
SEN,2020-04-28,4
SEN,2020-04-29,3
SEN,2020-04-30,4
SEN,2020-05-01,3
SEN,2020-05-02,3
PYF,2020-04-19,0
PYF,2020-04-20,1
PYF,2020-04-21,0
PYF,2020-04-22,1
PYF,2020-04-23,0
PYF,2020-04-24,0
PYF,2020-04-25,0
PYF,2020-04-26,1
PYF,2020-04-27,0
PYF,2020-04-28,0
PYF,2020-04-29,0
PYF,2020-04-30,0
PYF,2020-05-01,0
PYF,2020-05-02,0
MNP,2020-04-19,0
MNP,2020-04-20,0
MNP,2020-04-21,0
MNP,2020-04-22,0
MNP,2020-04-23,0
MNP,2020-04-24,0
MNP,2020-04-25,0
MNP,2020-04-26,1
MNP,2020-04-27,0
MNP,2020-04-28,0
MNP,2020-04-29,0
MNP,2020-04-30,0
MNP,2020-05-01,0
MNP,2020-05-02,0
FRO,2020-04-19,3
FRO,2020-04-20,0
FRO,2020-04-21,0
FRO,2020-04-22,0
FRO,2020-04-23,0
FRO,2020-04-24,0
FRO,2020-04-25,0
FRO,2020-04-26,0
FRO,2020-04-27,0
FRO,2020-04-28,0
FRO,2020-04-29,0
FRO,2020-04-30,0
FRO,2020-05-01,0
FRO,2020-05-02,0
GRC,2020-04-19,133
GRC,2020-04-20,35
GRC,2020-04-21,34
GRC,2020-04-22,31
GRC,2020-04-23,30
GRC,2020-04-24,27
GRC,2020-04-25,27
GRC,2020-04-26,24
GRC,2020-04-27,23
GRC,2020-04-28,22
GRC,2020-04-29,20
GRC,2020-04-30,19
GRC,2020-05-01,18
GRC,2020-05-02,17
SLV,2020-04-19,8
SLV,2020-04-20,8
SLV,2020-04-21,8
SLV,2020-04-22,7
SLV,2020-04-23,7
SLV,2020-04-24,7
SLV,2020-04-25,7
SLV,2020-04-26,6
SLV,2020-04-27,6
SLV,2020-04-28,5
SLV,2020-04-29,6
SLV,2020-04-30,5
SLV,2020-05-01,4
SLV,2020-05-02,5
TUR,2020-04-19,4697
TUR,2020-04-20,4422
TUR,2020-04-21,4346
TUR,2020-04-22,4256
TUR,2020-04-23,4156
TUR,2020-04-24,4048
TUR,2020-04-25,3930
TUR,2020-04-26,3807
TUR,2020-04-27,3680
TUR,2020-04-28,3549
TUR,2020-04-29,3415
TUR,2020-04-30,3281
TUR,2020-05-01,3145
TUR,2020-05-02,3011
ATG,2020-04-19,2
ATG,2020-04-20,0
ATG,2020-04-21,1
ATG,2020-04-22,0
ATG,2020-04-23,1
ATG,2020-04-24,0
ATG,2020-04-25,1
ATG,2020-04-26,0
ATG,2020-04-27,0
ATG,2020-04-28,0
ATG,2020-04-29,1
ATG,2020-04-30,0
ATG,2020-05-01,0
ATG,2020-05-02,0
NIC,2020-04-19,2
NIC,2020-04-20,1
NIC,2020-04-21,1
NIC,2020-04-22,1
NIC,2020-04-23,1
NIC,2020-04-24,1
NIC,2020-04-25,1
NIC,2020-04-26,2
NIC,2020-04-27,1
NIC,2020-04-28,1
NIC,2020-04-29,2
NIC,2020-04-30,1
NIC,2020-05-01,2
NIC,2020-05-02,1
UGA,2020-04-19,0
UGA,2020-04-20,0
UGA,2020-04-21,0
UGA,2020-04-22,0
UGA,2020-04-23,0
UGA,2020-04-24,0
UGA,2020-04-25,0
UGA,2020-04-26,0
UGA,2020-04-27,0
UGA,2020-04-28,0
UGA,2020-04-29,0
UGA,2020-04-30,0
UGA,2020-05-01,0
UGA,2020-05-02,0
GNB,2020-04-19,0
GNB,2020-04-20,0
GNB,2020-04-21,1
GNB,2020-04-22,0
GNB,2020-04-23,0
GNB,2020-04-24,1
GNB,2020-04-25,0
GNB,2020-04-26,0
GNB,2020-04-27,0
GNB,2020-04-28,0
GNB,2020-04-29,0
GNB,2020-04-30,0
GNB,2020-05-01,0
GNB,2020-05-02,0
GUM,2020-04-19,9
GUM,2020-04-20,2
GUM,2020-04-21,1
GUM,2020-04-22,1
GUM,2020-04-23,2
GUM,2020-04-24,1
GUM,2020-04-25,1
GUM,2020-04-26,0
GUM,2020-04-27,1
GUM,2020-04-28,1
GUM,2020-04-29,1
GUM,2020-04-30,0
GUM,2020-05-01,1
GUM,2020-05-02,0
ISR,2020-04-19,244
ISR,2020-04-20,244
ISR,2020-04-21,225
ISR,2020-04-22,208
ISR,2020-04-23,192
ISR,2020-04-24,177
ISR,2020-04-25,163
ISR,2020-04-26,150
ISR,2020-04-27,137
ISR,2020-04-28,127
ISR,2020-04-29,115
ISR,2020-04-30,106
ISR,2020-05-01,97
ISR,2020-05-02,89
KEN,2020-04-19,0
KEN,2020-04-20,4
KEN,2020-04-21,4
KEN,2020-04-22,3
KEN,2020-04-23,3
KEN,2020-04-24,2
KEN,2020-04-25,3
KEN,2020-04-26,2
KEN,2020-04-27,2
KEN,2020-04-28,1
KEN,2020-04-29,2
KEN,2020-04-30,1
KEN,2020-05-01,1
KEN,2020-05-02,1
MEX,2020-04-19,519
MEX,2020-04-20,545
MEX,2020-04-21,565
MEX,2020-04-22,584
MEX,2020-04-23,602
MEX,2020-04-24,620
MEX,2020-04-25,635
MEX,2020-04-26,651
MEX,2020-04-27,665
MEX,2020-04-28,679
MEX,2020-04-29,691
MEX,2020-04-30,703
MEX,2020-05-01,713
MEX,2020-05-02,721
PER,2020-04-19,2178
PER,2020-04-20,1844
PER,2020-04-21,1995
PER,2020-04-22,2151
PER,2020-04-23,2312
PER,2020-04-24,2476
PER,2020-04-25,2644
PER,2020-04-26,2816
PER,2020-04-27,2989
PER,2020-04-28,3165
PER,2020-04-29,3343
PER,2020-04-30,3520
PER,2020-05-01,3698
PER,2020-05-02,3875
LKA,2020-04-19,0
LKA,2020-04-20,4
LKA,2020-04-21,3
LKA,2020-04-22,3
LKA,2020-04-23,4
LKA,2020-04-24,2
LKA,2020-04-25,3
LKA,2020-04-26,3
LKA,2020-04-27,2
LKA,2020-04-28,2
LKA,2020-04-29,3
LKA,2020-04-30,2
LKA,2020-05-01,1
LKA,2020-05-02,2
POL,2020-04-19,306
POL,2020-04-20,324
POL,2020-04-21,315
POL,2020-04-22,305
POL,2020-04-23,296
POL,2020-04-24,286
POL,2020-04-25,276
POL,2020-04-26,266
POL,2020-04-27,255
POL,2020-04-28,246
POL,2020-04-29,235
POL,2020-04-30,225
POL,2020-05-01,215
POL,2020-05-02,206
TCA,2020-04-19,0
TCA,2020-04-20,1
TCA,2020-04-21,0
TCA,2020-04-22,0
TCA,2020-04-23,0
TCA,2020-04-24,1
TCA,2020-04-25,0
TCA,2020-04-26,0
TCA,2020-04-27,0
TCA,2020-04-28,0
TCA,2020-04-29,1
TCA,2020-04-30,0
TCA,2020-05-01,0
TCA,2020-05-02,0
PSE,2020-04-19,28
PSE,2020-04-20,9
PSE,2020-04-21,10
PSE,2020-04-22,9
PSE,2020-04-23,10
PSE,2020-04-24,8
PSE,2020-04-25,9
PSE,2020-04-26,8
PSE,2020-04-27,8
PSE,2020-04-28,8
PSE,2020-04-29,8
PSE,2020-04-30,7
PSE,2020-05-01,7
PSE,2020-05-02,7
URY,2020-04-19,0
URY,2020-04-20,6
URY,2020-04-21,5
URY,2020-04-22,5
URY,2020-04-23,5
URY,2020-04-24,4
URY,2020-04-25,4
URY,2020-04-26,4
URY,2020-04-27,3
URY,2020-04-28,3
URY,2020-04-29,2
URY,2020-04-30,3
URY,2020-05-01,2
URY,2020-05-02,2
GIB,2020-04-19,4
GIB,2020-04-20,1
GIB,2020-04-21,0
GIB,2020-04-22,1
GIB,2020-04-23,1
GIB,2020-04-24,0
GIB,2020-04-25,1
GIB,2020-04-26,0
GIB,2020-04-27,0
GIB,2020-04-28,1
GIB,2020-04-29,0
GIB,2020-04-30,0
GIB,2020-05-01,0
GIB,2020-05-02,1
MCO,2020-04-19,6
MCO,2020-04-20,1
MCO,2020-04-21,1
MCO,2020-04-22,1
MCO,2020-04-23,1
MCO,2020-04-24,1
MCO,2020-04-25,1
MCO,2020-04-26,0
MCO,2020-04-27,1
MCO,2020-04-28,1
MCO,2020-04-29,0
MCO,2020-04-30,1
MCO,2020-05-01,0
MCO,2020-05-02,1
KGZ,2020-04-19,44
KGZ,2020-04-20,25
KGZ,2020-04-21,24
KGZ,2020-04-22,24
KGZ,2020-04-23,24
KGZ,2020-04-24,22
KGZ,2020-04-25,21
KGZ,2020-04-26,21
KGZ,2020-04-27,20
KGZ,2020-04-28,19
KGZ,2020-04-29,19
KGZ,2020-04-30,17
KGZ,2020-05-01,17
KGZ,2020-05-02,16
ZMB,2020-04-19,0
ZMB,2020-04-20,0
ZMB,2020-04-21,0
ZMB,2020-04-22,0
ZMB,2020-04-23,0
ZMB,2020-04-24,0
ZMB,2020-04-25,0
ZMB,2020-04-26,0
ZMB,2020-04-27,0
ZMB,2020-04-28,0
ZMB,2020-04-29,0
ZMB,2020-04-30,0
ZMB,2020-05-01,0
ZMB,2020-05-02,0
NCL,2020-04-19,0
NCL,2020-04-20,0
NCL,2020-04-21,0
NCL,2020-04-22,0
NCL,2020-04-23,0
NCL,2020-04-24,0
NCL,2020-04-25,0
NCL,2020-04-26,0
NCL,2020-04-27,0
NCL,2020-04-28,0
NCL,2020-04-29,0
NCL,2020-04-30,0
NCL,2020-05-01,0
NCL,2020-05-02,0
GNQ,2020-04-19,13
GNQ,2020-04-20,13
GNQ,2020-04-21,13
GNQ,2020-04-22,13
GNQ,2020-04-23,13
GNQ,2020-04-24,13
GNQ,2020-04-25,13
GNQ,2020-04-26,13
GNQ,2020-04-27,13
GNQ,2020-04-28,13
GNQ,2020-04-29,13
GNQ,2020-04-30,13
GNQ,2020-05-01,13
GNQ,2020-05-02,13
TZA,2020-04-19,25
TZA,2020-04-20,25
TZA,2020-04-21,25
TZA,2020-04-22,25
TZA,2020-04-23,25
TZA,2020-04-24,25
TZA,2020-04-25,25
TZA,2020-04-26,25
TZA,2020-04-27,25
TZA,2020-04-28,25
TZA,2020-04-29,25
TZA,2020-04-30,25
TZA,2020-05-01,25
TZA,2020-05-02,25
TCD,2020-04-19,5
TCD,2020-04-20,5
TCD,2020-04-21,5
TCD,2020-04-22,5
TCD,2020-04-23,5
TCD,2020-04-24,5
TCD,2020-04-25,5
TCD,2020-04-26,5
TCD,2020-04-27,5
TCD,2020-04-28,5
TCD,2020-04-29,5
TCD,2020-04-30,5
TCD,2020-05-01,5
TCD,2020-05-02,5
MNG,2020-04-19,3
MNG,2020-04-20,3
MNG,2020-04-21,3
MNG,2020-04-22,3
MNG,2020-04-23,3
MNG,2020-04-24,3
MNG,2020-04-25,3
MNG,2020-04-26,3
MNG,2020-04-27,3
MNG,2020-04-28,3
MNG,2020-04-29,3
MNG,2020-04-30,3
MNG,2020-05-01,3
MNG,2020-05-02,3
DJI,2020-04-19,125
DJI,2020-04-20,125
DJI,2020-04-21,125
DJI,2020-04-22,125
DJI,2020-04-23,125
DJI,2020-04-24,125
DJI,2020-04-25,125
DJI,2020-04-26,125
DJI,2020-04-27,125
DJI,2020-04-28,125
DJI,2020-04-29,125
DJI,2020-04-30,125
DJI,2020-05-01,125
DJI,2020-05-02,125
NPL,2020-04-19,4
NPL,2020-04-20,4
NPL,2020-04-21,4
NPL,2020-04-22,4
NPL,2020-04-23,4
NPL,2020-04-24,4
NPL,2020-04-25,4
NPL,2020-04-26,4
NPL,2020-04-27,4
NPL,2020-04-28,4
NPL,2020-04-29,4
NPL,2020-04-30,4
NPL,2020-05-01,4
NPL,2020-05-02,4
SLE,2020-04-19,4
SLE,2020-04-20,4
SLE,2020-04-21,4
SLE,2020-04-22,4
SLE,2020-04-23,4
SLE,2020-04-24,4
SLE,2020-04-25,4
SLE,2020-04-26,4
SLE,2020-04-27,4
SLE,2020-04-28,4
SLE,2020-04-29,4
SLE,2020-04-30,4
SLE,2020-05-01,4
SLE,2020-05-02,4
TLS,2020-04-19,3
TLS,2020-04-20,3
TLS,2020-04-21,3
TLS,2020-04-22,3
TLS,2020-04-23,3
TLS,2020-04-24,3
TLS,2020-04-25,3
TLS,2020-04-26,3
TLS,2020-04-27,3
TLS,2020-04-28,3
TLS,2020-04-29,3
TLS,2020-04-30,3
TLS,2020-05-01,3
TLS,2020-05-02,3
CPV,2020-04-19,10
CPV,2020-04-20,10
CPV,2020-04-21,10
CPV,2020-04-22,10
CPV,2020-04-23,10
CPV,2020-04-24,10
CPV,2020-04-25,10
CPV,2020-04-26,10
CPV,2020-04-27,10
CPV,2020-04-28,10
CPV,2020-04-29,10
CPV,2020-04-30,10
CPV,2020-05-01,10
CPV,2020-05-02,10
ZWE,2020-04-19,3
ZWE,2020-04-20,3
ZWE,2020-04-21,3
ZWE,2020-04-22,3
ZWE,2020-04-23,3
ZWE,2020-04-24,3
ZWE,2020-04-25,3
ZWE,2020-04-26,3
ZWE,2020-04-27,3
ZWE,2020-04-28,3
ZWE,2020-04-29,3
ZWE,2020-04-30,3
ZWE,2020-05-01,3
ZWE,2020-05-02,3
GAB,2020-04-19,13
GAB,2020-04-20,13
GAB,2020-04-21,13
GAB,2020-04-22,13
GAB,2020-04-23,13
GAB,2020-04-24,13
GAB,2020-04-25,13
GAB,2020-04-26,13
GAB,2020-04-27,13
GAB,2020-04-28,13
GAB,2020-04-29,13
GAB,2020-04-30,13
GAB,2020-05-01,13
GAB,2020-05-02,13
SGP,2020-04-19,673
SGP,2020-04-20,673
SGP,2020-04-21,673
SGP,2020-04-22,673
SGP,2020-04-23,673
SGP,2020-04-24,673
SGP,2020-04-25,673
SGP,2020-04-26,673
SGP,2020-04-27,673
SGP,2020-04-28,673
SGP,2020-04-29,673
SGP,2020-04-30,673
SGP,2020-05-01,673
SGP,2020-05-02,673
JPN,2020-04-19,953
JPN,2020-04-20,953
JPN,2020-04-21,953
JPN,2020-04-22,953
JPN,2020-04-23,953
JPN,2020-04-24,953
JPN,2020-04-25,953
JPN,2020-04-26,953
JPN,2020-04-27,953
JPN,2020-04-28,953
JPN,2020-04-29,953
JPN,2020-04-30,953
JPN,2020-05-01,953
JPN,2020-05-02,953
BHR,2020-04-19,160
BHR,2020-04-20,160
BHR,2020-04-21,160
BHR,2020-04-22,160
BHR,2020-04-23,160
BHR,2020-04-24,160
BHR,2020-04-25,160
BHR,2020-04-26,160
BHR,2020-04-27,160
BHR,2020-04-28,160
BHR,2020-04-29,160
BHR,2020-04-30,160
BHR,2020-05-01,160
BHR,2020-05-02,160
SOM,2020-04-19,20
SOM,2020-04-20,20
SOM,2020-04-21,20
SOM,2020-04-22,20
SOM,2020-04-23,20
SOM,2020-04-24,20
SOM,2020-04-25,20
SOM,2020-04-26,20
SOM,2020-04-27,20
SOM,2020-04-28,20
SOM,2020-04-29,20
SOM,2020-04-30,20
SOM,2020-05-01,20
SOM,2020-05-02,20
JAM,2020-04-19,21
JAM,2020-04-20,21
JAM,2020-04-21,21
JAM,2020-04-22,21
JAM,2020-04-23,21
JAM,2020-04-24,21
JAM,2020-04-25,21
JAM,2020-04-26,21
JAM,2020-04-27,21
JAM,2020-04-28,21
JAM,2020-04-29,21
JAM,2020-04-30,21
JAM,2020-05-01,21
JAM,2020-05-02,21
MMR,2020-04-19,14
MMR,2020-04-20,14
MMR,2020-04-21,14
MMR,2020-04-22,14
MMR,2020-04-23,14
MMR,2020-04-24,14
MMR,2020-04-25,14
MMR,2020-04-26,14
MMR,2020-04-27,14
MMR,2020-04-28,14
MMR,2020-04-29,14
MMR,2020-04-30,14
MMR,2020-05-01,14
MMR,2020-05-02,14
PNG,2020-04-19,0
PNG,2020-04-20,0
PNG,2020-04-21,0
PNG,2020-04-22,0
PNG,2020-04-23,0
PNG,2020-04-24,0
PNG,2020-04-25,0
PNG,2020-04-26,0
PNG,2020-04-27,0
PNG,2020-04-28,0
PNG,2020-04-29,0
PNG,2020-04-30,0
PNG,2020-05-01,0
PNG,2020-05-02,0
SSD,2020-04-19,0
SSD,2020-04-20,0
SSD,2020-04-21,0
SSD,2020-04-22,0
SSD,2020-04-23,0
SSD,2020-04-24,0
SSD,2020-04-25,0
SSD,2020-04-26,0
SSD,2020-04-27,0
SSD,2020-04-28,0
SSD,2020-04-29,0
SSD,2020-04-30,0
SSD,2020-05-01,0
SSD,2020-05-02,0
MRT,2020-04-19,0
MRT,2020-04-20,0
MRT,2020-04-21,0
MRT,2020-04-22,0
MRT,2020-04-23,0
MRT,2020-04-24,0
MRT,2020-04-25,0
MRT,2020-04-26,0
MRT,2020-04-27,0
MRT,2020-04-28,0
MRT,2020-04-29,0
MRT,2020-04-30,0
MRT,2020-05-01,0
MRT,2020-05-02,0
GMB,2020-04-19,0
GMB,2020-04-20,0
GMB,2020-04-21,0
GMB,2020-04-22,0
GMB,2020-04-23,0
GMB,2020-04-24,0
GMB,2020-04-25,0
GMB,2020-04-26,0
GMB,2020-04-27,0
GMB,2020-04-28,0
GMB,2020-04-29,0
GMB,2020-04-30,0
GMB,2020-05-01,0
GMB,2020-05-02,0
BTN,2020-04-19,0
BTN,2020-04-20,0
BTN,2020-04-21,0
BTN,2020-04-22,0
BTN,2020-04-23,0
BTN,2020-04-24,0
BTN,2020-04-25,0
BTN,2020-04-26,0
BTN,2020-04-27,0
BTN,2020-04-28,0
BTN,2020-04-29,0
BTN,2020-04-30,0
BTN,2020-05-01,0
BTN,2020-05-02,0
STP,2020-04-19,0
STP,2020-04-20,0
STP,2020-04-21,0
STP,2020-04-22,0
STP,2020-04-23,0
STP,2020-04-24,0
STP,2020-04-25,0
STP,2020-04-26,0
STP,2020-04-27,0
STP,2020-04-28,0
STP,2020-04-29,0
STP,2020-04-30,0
STP,2020-05-01,0
STP,2020-05-02,0
BDI,2020-04-19,0
BDI,2020-04-20,0
BDI,2020-04-21,0
BDI,2020-04-22,0
BDI,2020-04-23,0
BDI,2020-04-24,0
BDI,2020-04-25,0
BDI,2020-04-26,0
BDI,2020-04-27,0
BDI,2020-04-28,0
BDI,2020-04-29,0
BDI,2020-04-30,0
BDI,2020-05-01,0
BDI,2020-05-02,0
YEM,2020-04-19,0
YEM,2020-04-20,0
YEM,2020-04-21,0
YEM,2020-04-22,0
YEM,2020-04-23,0
YEM,2020-04-24,0
YEM,2020-04-25,0
YEM,2020-04-26,0
YEM,2020-04-27,0
YEM,2020-04-28,0
YEM,2020-04-29,0
YEM,2020-04-30,0
YEM,2020-05-01,0
YEM,2020-05-02,0
VGB,2020-04-19,0
VGB,2020-04-20,0
VGB,2020-04-21,0
VGB,2020-04-22,0
VGB,2020-04-23,0
VGB,2020-04-24,0
VGB,2020-04-25,0
VGB,2020-04-26,0
VGB,2020-04-27,0
VGB,2020-04-28,0
VGB,2020-04-29,0
VGB,2020-04-30,0
VGB,2020-05-01,0
VGB,2020-05-02,0
VAT,2020-04-19,0
VAT,2020-04-20,0
VAT,2020-04-21,0
VAT,2020-04-22,0
VAT,2020-04-23,0
VAT,2020-04-24,0
VAT,2020-04-25,0
VAT,2020-04-26,0
VAT,2020-04-27,0
VAT,2020-04-28,0
VAT,2020-04-29,0
VAT,2020-04-30,0
VAT,2020-05-01,0
VAT,2020-05-02,0
