Country,Date,Deaths
DNK,2020-04-19,8
DNK,2020-04-20,10
DNK,2020-04-21,9
DNK,2020-04-22,8
DNK,2020-04-23,9
DNK,2020-04-24,7
DNK,2020-04-25,7
DNK,2020-04-26,7
DNK,2020-04-27,6
DNK,2020-04-28,5
DNK,2020-04-29,6
DNK,2020-04-30,5
DNK,2020-05-01,4
DNK,2020-05-02,4
ITA,2020-04-19,53
ITA,2020-04-20,364
ITA,2020-04-21,344
ITA,2020-04-22,324
ITA,2020-04-23,305
ITA,2020-04-24,286
ITA,2020-04-25,269
ITA,2020-04-26,252
ITA,2020-04-27,236
ITA,2020-04-28,222
ITA,2020-04-29,207
ITA,2020-04-30,194
ITA,2020-05-01,182
ITA,2020-05-02,169
CAN,2020-04-19,131
CAN,2020-04-20,154
CAN,2020-04-21,164
CAN,2020-04-22,176
CAN,2020-04-23,185
CAN,2020-04-24,197
CAN,2020-04-25,207
CAN,2020-04-26,219
CAN,2020-04-27,228
CAN,2020-04-28,240
CAN,2020-04-29,250
CAN,2020-04-30,260
CAN,2020-05-01,269
CAN,2020-05-02,280
PHL,2020-04-19,37
PHL,2020-04-20,28
PHL,2020-04-21,30
PHL,2020-04-22,30
PHL,2020-04-23,32
PHL,2020-04-24,32
PHL,2020-04-25,34
PHL,2020-04-26,34
PHL,2020-04-27,35
PHL,2020-04-28,36
PHL,2020-04-29,36
PHL,2020-04-30,38
PHL,2020-05-01,38
PHL,2020-05-02,39
ESP,2020-04-19,244
ESP,2020-04-20,333
ESP,2020-04-21,307
ESP,2020-04-22,282
ESP,2020-04-23,258
ESP,2020-04-24,237
ESP,2020-04-25,217
ESP,2020-04-26,199
ESP,2020-04-27,181
ESP,2020-04-28,166
ESP,2020-04-29,151
ESP,2020-04-30,137
ESP,2020-05-01,126
ESP,2020-05-02,114
EGY,2020-04-19,22
EGY,2020-04-20,14
EGY,2020-04-21,14
EGY,2020-04-22,15
EGY,2020-04-23,14
EGY,2020-04-24,15
EGY,2020-04-25,15
EGY,2020-04-26,15
EGY,2020-04-27,15
EGY,2020-04-28,15
EGY,2020-04-29,15
EGY,2020-04-30,15
EGY,2020-05-01,14
EGY,2020-05-02,15
KAZ,2020-04-19,2
KAZ,2020-04-20,1
KAZ,2020-04-21,1
KAZ,2020-04-22,1
KAZ,2020-04-23,1
KAZ,2020-04-24,1
KAZ,2020-04-25,0
KAZ,2020-04-26,1
KAZ,2020-04-27,1
KAZ,2020-04-28,1
KAZ,2020-04-29,0
KAZ,2020-04-30,1
KAZ,2020-05-01,0
KAZ,2020-05-02,1
AND,2020-04-19,0
AND,2020-04-20,1
AND,2020-04-21,0
AND,2020-04-22,0
AND,2020-04-23,1
AND,2020-04-24,0
AND,2020-04-25,0
AND,2020-04-26,1
AND,2020-04-27,0
AND,2020-04-28,0
AND,2020-04-29,0
AND,2020-04-30,0
AND,2020-05-01,1
AND,2020-05-02,0
BOL,2020-04-19,2
BOL,2020-04-20,1
BOL,2020-04-21,1
BOL,2020-04-22,1
BOL,2020-04-23,1
BOL,2020-04-24,1
BOL,2020-04-25,1
BOL,2020-04-26,0
BOL,2020-04-27,1
BOL,2020-04-28,0
BOL,2020-04-29,1
BOL,2020-04-30,0
BOL,2020-05-01,1
BOL,2020-05-02,0
TUN,2020-04-19,3
TUN,2020-04-20,1
TUN,2020-04-21,1
TUN,2020-04-22,2
TUN,2020-04-23,1
TUN,2020-04-24,1
TUN,2020-04-25,1
TUN,2020-04-26,1
TUN,2020-04-27,1
TUN,2020-04-28,1
TUN,2020-04-29,1
TUN,2020-04-30,1
TUN,2020-05-01,0
TUN,2020-05-02,1
COL,2020-04-19,14
COL,2020-04-20,11
COL,2020-04-21,11
COL,2020-04-22,10
COL,2020-04-23,11
COL,2020-04-24,10
COL,2020-04-25,9
COL,2020-04-26,10
COL,2020-04-27,9
COL,2020-04-28,8
COL,2020-04-29,8
COL,2020-04-30,8
COL,2020-05-01,8
COL,2020-05-02,7
CHN,2020-04-19,0
CHN,2020-04-20,1
CHN,2020-04-21,0
CHN,2020-04-22,0
CHN,2020-04-23,1
CHN,2020-04-24,0
CHN,2020-04-25,0
CHN,2020-04-26,1
CHN,2020-04-27,0
CHN,2020-04-28,0
CHN,2020-04-29,0
CHN,2020-04-30,0
CHN,2020-05-01,1
CHN,2020-05-02,0
MLI,2020-04-19,1
MLI,2020-04-20,1
MLI,2020-04-21,0
MLI,2020-04-22,1
MLI,2020-04-23,0
MLI,2020-04-24,1
MLI,2020-04-25,0
MLI,2020-04-26,1
MLI,2020-04-27,0
MLI,2020-04-28,0
MLI,2020-04-29,0
MLI,2020-04-30,1
MLI,2020-05-01,0
MLI,2020-05-02,0
MAR,2020-04-19,7
MAR,2020-04-20,3
MAR,2020-04-21,3
MAR,2020-04-22,3
MAR,2020-04-23,2
MAR,2020-04-24,2
MAR,2020-04-25,3
MAR,2020-04-26,1
MAR,2020-04-27,2
MAR,2020-04-28,2
MAR,2020-04-29,1
MAR,2020-04-30,1
MAR,2020-05-01,2
MAR,2020-05-02,1
IRL,2020-04-19,23
IRL,2020-04-20,36
IRL,2020-04-21,35
IRL,2020-04-22,36
IRL,2020-04-23,35
IRL,2020-04-24,35
IRL,2020-04-25,34
IRL,2020-04-26,34
IRL,2020-04-27,34
IRL,2020-04-28,32
IRL,2020-04-29,32
IRL,2020-04-30,31
IRL,2020-05-01,31
IRL,2020-05-02,29
AZE,2020-04-19,1
AZE,2020-04-20,1
AZE,2020-04-21,0
AZE,2020-04-22,1
AZE,2020-04-23,1
AZE,2020-04-24,1
AZE,2020-04-25,0
AZE,2020-04-26,1
AZE,2020-04-27,1
AZE,2020-04-28,0
AZE,2020-04-29,1
AZE,2020-04-30,1
AZE,2020-05-01,0
AZE,2020-05-02,1
PRT,2020-04-19,21
PRT,2020-04-20,26
PRT,2020-04-21,25
PRT,2020-04-22,23
PRT,2020-04-23,23
PRT,2020-04-24,22
PRT,2020-04-25,20
PRT,2020-04-26,20
PRT,2020-04-27,18
PRT,2020-04-28,18
PRT,2020-04-29,16
PRT,2020-04-30,16
PRT,2020-05-01,15
PRT,2020-05-02,14
GBR,2020-04-19,765
GBR,2020-04-20,739
GBR,2020-04-21,712
GBR,2020-04-22,683
GBR,2020-04-23,654
GBR,2020-04-24,623
GBR,2020-04-25,592
GBR,2020-04-26,562
GBR,2020-04-27,532
GBR,2020-04-28,501
GBR,2020-04-29,473
GBR,2020-04-30,445
GBR,2020-05-01,417
GBR,2020-05-02,392
DOM,2020-04-19,18
DOM,2020-04-20,9
DOM,2020-04-21,10
DOM,2020-04-22,9
DOM,2020-04-23,9
DOM,2020-04-24,8
DOM,2020-04-25,8
DOM,2020-04-26,8
DOM,2020-04-27,8
DOM,2020-04-28,7
DOM,2020-04-29,7
DOM,2020-04-30,7
DOM,2020-05-01,6
DOM,2020-05-02,6
SVN,2020-04-19,3
SVN,2020-04-20,2
SVN,2020-04-21,3
SVN,2020-04-22,2
SVN,2020-04-23,2
SVN,2020-04-24,2
SVN,2020-04-25,2
SVN,2020-04-26,1
SVN,2020-04-27,2
SVN,2020-04-28,2
SVN,2020-04-29,1
SVN,2020-04-30,1
SVN,2020-05-01,1
SVN,2020-05-02,2
BEL,2020-04-19,380
BEL,2020-04-20,341
BEL,2020-04-21,338
BEL,2020-04-22,335
BEL,2020-04-23,329
BEL,2020-04-24,323
BEL,2020-04-25,315
BEL,2020-04-26,309
BEL,2020-04-27,300
BEL,2020-04-28,291
BEL,2020-04-29,282
BEL,2020-04-30,272
BEL,2020-05-01,263
BEL,2020-05-02,252
LBN,2020-04-19,2
LBN,2020-04-20,0
LBN,2020-04-21,0
LBN,2020-04-22,1
LBN,2020-04-23,0
LBN,2020-04-24,0
LBN,2020-04-25,0
LBN,2020-04-26,0
LBN,2020-04-27,1
LBN,2020-04-28,0
LBN,2020-04-29,0
LBN,2020-04-30,0
LBN,2020-05-01,0
LBN,2020-05-02,0
BIH,2020-04-19,0
BIH,2020-04-20,0
BIH,2020-04-21,1
BIH,2020-04-22,0
BIH,2020-04-23,0
BIH,2020-04-24,1
BIH,2020-04-25,0
BIH,2020-04-26,0
BIH,2020-04-27,0
BIH,2020-04-28,0
BIH,2020-04-29,0
BIH,2020-04-30,0
BIH,2020-05-01,0
BIH,2020-05-02,0
NER,2020-04-19,0
NER,2020-04-20,0
NER,2020-04-21,1
NER,2020-04-22,0
NER,2020-04-23,0
NER,2020-04-24,0
NER,2020-04-25,0
NER,2020-04-26,1
NER,2020-04-27,0
NER,2020-04-28,0
NER,2020-04-29,0
NER,2020-04-30,0
NER,2020-05-01,0
NER,2020-05-02,0
XKX,2020-04-19,0
XKX,2020-04-20,1
XKX,2020-04-21,1
XKX,2020-04-22,1
XKX,2020-04-23,1
XKX,2020-04-24,1
XKX,2020-04-25,0
XKX,2020-04-26,1
XKX,2020-04-27,1
XKX,2020-04-28,1
XKX,2020-04-29,0
XKX,2020-04-30,1
XKX,2020-05-01,1
XKX,2020-05-02,0
BFA,2020-04-19,0
BFA,2020-04-20,1
BFA,2020-04-21,1
BFA,2020-04-22,0
BFA,2020-04-23,1
BFA,2020-04-24,1
BFA,2020-04-25,1
BFA,2020-04-26,0
BFA,2020-04-27,1
BFA,2020-04-28,1
BFA,2020-04-29,0
BFA,2020-04-30,1
BFA,2020-05-01,0
BFA,2020-05-02,1
EST,2020-04-19,0
EST,2020-04-20,1
EST,2020-04-21,1
EST,2020-04-22,0
EST,2020-04-23,1
EST,2020-04-24,1
EST,2020-04-25,0
EST,2020-04-26,1
EST,2020-04-27,0
EST,2020-04-28,1
EST,2020-04-29,0
EST,2020-04-30,0
EST,2020-05-01,1
EST,2020-05-02,0
CHE,2020-04-19,3
CHE,2020-04-20,27
CHE,2020-04-21,25
CHE,2020-04-22,24
CHE,2020-04-23,23
CHE,2020-04-24,21
CHE,2020-04-25,20
CHE,2020-04-26,18
CHE,2020-04-27,17
CHE,2020-04-28,16
CHE,2020-04-29,14
CHE,2020-04-30,14
CHE,2020-05-01,13
CHE,2020-05-02,12
JPN,2020-04-19,0
JPN,2020-04-20,8
JPN,2020-04-21,8
JPN,2020-04-22,8
JPN,2020-04-23,8
JPN,2020-04-24,9
JPN,2020-04-25,9
JPN,2020-04-26,9
JPN,2020-04-27,10
JPN,2020-04-28,10
JPN,2020-04-29,11
JPN,2020-04-30,11
JPN,2020-05-01,11
JPN,2020-05-02,12
ECU,2020-04-19,18
ECU,2020-04-20,16
ECU,2020-04-21,14
ECU,2020-04-22,15
ECU,2020-04-23,13
ECU,2020-04-24,13
ECU,2020-04-25,11
ECU,2020-04-26,11
ECU,2020-04-27,11
ECU,2020-04-28,10
ECU,2020-04-29,9
ECU,2020-04-30,8
ECU,2020-05-01,8
ECU,2020-05-02,7
BRA,2020-04-19,163
BRA,2020-04-20,209
BRA,2020-04-21,217
BRA,2020-04-22,226
BRA,2020-04-23,234
BRA,2020-04-24,241
BRA,2020-04-25,248
BRA,2020-04-26,255
BRA,2020-04-27,261
BRA,2020-04-28,267
BRA,2020-04-29,271
BRA,2020-04-30,275
BRA,2020-05-01,278
BRA,2020-05-02,282
DZA,2020-04-19,14
DZA,2020-04-20,11
DZA,2020-04-21,10
DZA,2020-04-22,9
DZA,2020-04-23,8
DZA,2020-04-24,7
DZA,2020-04-25,6
DZA,2020-04-26,6
DZA,2020-04-27,5
DZA,2020-04-28,5
DZA,2020-04-29,4
DZA,2020-04-30,4
DZA,2020-05-01,3
DZA,2020-05-02,3
ALB,2020-04-19,0
ALB,2020-04-20,0
ALB,2020-04-21,0
ALB,2020-04-22,0
ALB,2020-04-23,0
ALB,2020-04-24,0
ALB,2020-04-25,1
ALB,2020-04-26,0
ALB,2020-04-27,0
ALB,2020-04-28,0
ALB,2020-04-29,0
ALB,2020-04-30,0
ALB,2020-05-01,0
ALB,2020-05-02,0
PER,2020-04-19,17
PER,2020-04-20,22
PER,2020-04-21,22
PER,2020-04-22,22
PER,2020-04-23,22
PER,2020-04-24,22
PER,2020-04-25,22
PER,2020-04-26,22
PER,2020-04-27,21
PER,2020-04-28,21
PER,2020-04-29,21
PER,2020-04-30,20
PER,2020-05-01,19
PER,2020-05-02,20
CHL,2020-04-19,4
CHL,2020-04-20,7
CHL,2020-04-21,7
CHL,2020-04-22,6
CHL,2020-04-23,6
CHL,2020-04-24,6
CHL,2020-04-25,6
CHL,2020-04-26,6
CHL,2020-04-27,5
CHL,2020-04-28,5
CHL,2020-04-29,5
CHL,2020-04-30,5
CHL,2020-05-01,4
CHL,2020-05-02,4
RUS,2020-04-19,37
RUS,2020-04-20,47
RUS,2020-04-21,54
RUS,2020-04-22,60
RUS,2020-04-23,68
RUS,2020-04-24,76
RUS,2020-04-25,86
RUS,2020-04-26,96
RUS,2020-04-27,107
RUS,2020-04-28,121
RUS,2020-04-29,134
RUS,2020-04-30,149
RUS,2020-05-01,165
RUS,2020-05-02,184
AUT,2020-04-19,13
AUT,2020-04-20,14
AUT,2020-04-21,13
AUT,2020-04-22,12
AUT,2020-04-23,11
AUT,2020-04-24,11
AUT,2020-04-25,10
AUT,2020-04-26,10
AUT,2020-04-27,9
AUT,2020-04-28,8
AUT,2020-04-29,8
AUT,2020-04-30,7
AUT,2020-05-01,7
AUT,2020-05-02,6
SGP,2020-04-19,0
SGP,2020-04-20,0
SGP,2020-04-21,1
SGP,2020-04-22,0
SGP,2020-04-23,1
SGP,2020-04-24,0
SGP,2020-04-25,0
SGP,2020-04-26,1
SGP,2020-04-27,0
SGP,2020-04-28,1
SGP,2020-04-29,0
SGP,2020-04-30,0
SGP,2020-05-01,1
SGP,2020-05-02,0
LUX,2020-04-19,6
LUX,2020-04-20,2
LUX,2020-04-21,3
LUX,2020-04-22,2
LUX,2020-04-23,2
LUX,2020-04-24,3
LUX,2020-04-25,2
LUX,2020-04-26,2
LUX,2020-04-27,2
LUX,2020-04-28,1
LUX,2020-04-29,2
LUX,2020-04-30,2
LUX,2020-05-01,1
LUX,2020-05-02,2
IRN,2020-04-19,57
IRN,2020-04-20,79
IRN,2020-04-21,77
IRN,2020-04-22,72
IRN,2020-04-23,70
IRN,2020-04-24,66
IRN,2020-04-25,62
IRN,2020-04-26,60
IRN,2020-04-27,57
IRN,2020-04-28,54
IRN,2020-04-29,51
IRN,2020-04-30,48
IRN,2020-05-01,46
IRN,2020-05-02,44
AFG,2020-04-19,3
AFG,2020-04-20,3
AFG,2020-04-21,3
AFG,2020-04-22,3
AFG,2020-04-23,3
AFG,2020-04-24,3
AFG,2020-04-25,3
AFG,2020-04-26,3
AFG,2020-04-27,3
AFG,2020-04-28,4
AFG,2020-04-29,3
AFG,2020-04-30,3
AFG,2020-05-01,4
AFG,2020-05-02,3
ZAF,2020-04-19,4
ZAF,2020-04-20,6
ZAF,2020-04-21,7
ZAF,2020-04-22,8
ZAF,2020-04-23,8
ZAF,2020-04-24,9
ZAF,2020-04-25,10
ZAF,2020-04-26,10
ZAF,2020-04-27,11
ZAF,2020-04-28,13
ZAF,2020-04-29,12
ZAF,2020-04-30,14
ZAF,2020-05-01,15
ZAF,2020-05-02,16
NGA,2020-04-19,0
NGA,2020-04-20,1
NGA,2020-04-21,2
NGA,2020-04-22,1
NGA,2020-04-23,2
NGA,2020-04-24,2
NGA,2020-04-25,1
NGA,2020-04-26,2
NGA,2020-04-27,2
NGA,2020-04-28,2
NGA,2020-04-29,2
NGA,2020-04-30,2
NGA,2020-05-01,2
NGA,2020-05-02,2
FRA,2020-04-19,696
FRA,2020-04-20,697
FRA,2020-04-21,662
FRA,2020-04-22,627
FRA,2020-04-23,593
FRA,2020-04-24,558
FRA,2020-04-25,525
FRA,2020-04-26,493
FRA,2020-04-27,461
FRA,2020-04-28,432
FRA,2020-04-29,404
FRA,2020-04-30,376
FRA,2020-05-01,350
FRA,2020-05-02,326
GRC,2020-04-19,5
GRC,2020-04-20,2
GRC,2020-04-21,2
GRC,2020-04-22,2
GRC,2020-04-23,1
GRC,2020-04-24,1
GRC,2020-04-25,2
GRC,2020-04-26,1
GRC,2020-04-27,1
GRC,2020-04-28,1
GRC,2020-04-29,1
GRC,2020-04-30,1
GRC,2020-05-01,1
GRC,2020-05-02,0
HUN,2020-04-19,18
HUN,2020-04-20,17
HUN,2020-04-21,17
HUN,2020-04-22,19
HUN,2020-04-23,19
HUN,2020-04-24,19
HUN,2020-04-25,21
HUN,2020-04-26,21
HUN,2020-04-27,21
HUN,2020-04-28,23
HUN,2020-04-29,22
HUN,2020-04-30,23
HUN,2020-05-01,24
HUN,2020-05-02,24
HRV,2020-04-19,2
HRV,2020-04-20,2
HRV,2020-04-21,3
HRV,2020-04-22,2
HRV,2020-04-23,2
HRV,2020-04-24,2
HRV,2020-04-25,2
HRV,2020-04-26,2
HRV,2020-04-27,1
HRV,2020-04-28,2
HRV,2020-04-29,2
HRV,2020-04-30,2
HRV,2020-05-01,1
HRV,2020-05-02,2
KOR,2020-04-19,6
KOR,2020-04-20,4
KOR,2020-04-21,3
KOR,2020-04-22,3
KOR,2020-04-23,2
KOR,2020-04-24,3
KOR,2020-04-25,3
KOR,2020-04-26,2
KOR,2020-04-27,3
KOR,2020-04-28,2
KOR,2020-04-29,3
KOR,2020-04-30,2
KOR,2020-05-01,2
KOR,2020-05-02,2
SMR,2020-04-19,0
SMR,2020-04-20,0
SMR,2020-04-21,0
SMR,2020-04-22,0
SMR,2020-04-23,0
SMR,2020-04-24,1
SMR,2020-04-25,0
SMR,2020-04-26,0
SMR,2020-04-27,0
SMR,2020-04-28,0
SMR,2020-04-29,0
SMR,2020-04-30,0
SMR,2020-05-01,1
SMR,2020-05-02,0
PAN,2020-04-19,2
PAN,2020-04-20,5
PAN,2020-04-21,5
PAN,2020-04-22,5
PAN,2020-04-23,4
PAN,2020-04-24,4
PAN,2020-04-25,5
PAN,2020-04-26,4
PAN,2020-04-27,3
PAN,2020-04-28,4
PAN,2020-04-29,4
PAN,2020-04-30,3
PAN,2020-05-01,3
PAN,2020-05-02,3
IRQ,2020-04-19,3
IRQ,2020-04-20,1
IRQ,2020-04-21,1
IRQ,2020-04-22,1
IRQ,2020-04-23,1
IRQ,2020-04-24,1
IRQ,2020-04-25,1
IRQ,2020-04-26,1
IRQ,2020-04-27,1
IRQ,2020-04-28,0
IRQ,2020-04-29,1
IRQ,2020-04-30,1
IRQ,2020-05-01,0
IRQ,2020-05-02,1
DEU,2020-04-19,136
DEU,2020-04-20,219
DEU,2020-04-21,215
DEU,2020-04-22,211
DEU,2020-04-23,206
DEU,2020-04-24,201
DEU,2020-04-25,196
DEU,2020-04-26,189
DEU,2020-04-27,184
DEU,2020-04-28,178
DEU,2020-04-29,171
DEU,2020-04-30,165
DEU,2020-05-01,159
DEU,2020-05-02,152
SRB,2020-04-19,0
SRB,2020-04-20,2
SRB,2020-04-21,3
SRB,2020-04-22,2
SRB,2020-04-23,3
SRB,2020-04-24,2
SRB,2020-04-25,1
SRB,2020-04-26,2
SRB,2020-04-27,1
SRB,2020-04-28,2
SRB,2020-04-29,1
SRB,2020-04-30,1
SRB,2020-05-01,1
SRB,2020-05-02,1
ISR,2020-04-19,6
ISR,2020-04-20,8
ISR,2020-04-21,7
ISR,2020-04-22,8
ISR,2020-04-23,6
ISR,2020-04-24,7
ISR,2020-04-25,6
ISR,2020-04-26,6
ISR,2020-04-27,6
ISR,2020-04-28,6
ISR,2020-04-29,5
ISR,2020-04-30,5
ISR,2020-05-01,4
ISR,2020-05-02,5
PRI,2020-04-19,3
PRI,2020-04-20,3
PRI,2020-04-21,2
PRI,2020-04-22,3
PRI,2020-04-23,2
PRI,2020-04-24,2
PRI,2020-04-25,2
PRI,2020-04-26,2
PRI,2020-04-27,2
PRI,2020-04-28,2
PRI,2020-04-29,2
PRI,2020-04-30,1
PRI,2020-05-01,2
PRI,2020-05-02,1
NOR,2020-04-19,15
NOR,2020-04-20,7
NOR,2020-04-21,7
NOR,2020-04-22,8
NOR,2020-04-23,7
NOR,2020-04-24,7
NOR,2020-04-25,7
NOR,2020-04-26,6
NOR,2020-04-27,7
NOR,2020-04-28,6
NOR,2020-04-29,6
NOR,2020-04-30,6
NOR,2020-05-01,6
NOR,2020-05-02,6
BLR,2020-04-19,3
BLR,2020-04-20,3
BLR,2020-04-21,3
BLR,2020-04-22,3
BLR,2020-04-23,2
BLR,2020-04-24,2
BLR,2020-04-25,3
BLR,2020-04-26,2
BLR,2020-04-27,2
BLR,2020-04-28,1
BLR,2020-04-29,2
BLR,2020-04-30,2
BLR,2020-05-01,1
BLR,2020-05-02,1
ARG,2020-04-19,7
ARG,2020-04-20,6
ARG,2020-04-21,6
ARG,2020-04-22,6
ARG,2020-04-23,5
ARG,2020-04-24,6
ARG,2020-04-25,5
ARG,2020-04-26,5
ARG,2020-04-27,5
ARG,2020-04-28,4
ARG,2020-04-29,5
ARG,2020-04-30,4
ARG,2020-05-01,5
ARG,2020-05-02,4
CUB,2020-04-19,2
CUB,2020-04-20,3
CUB,2020-04-21,3
CUB,2020-04-22,3
CUB,2020-04-23,4
CUB,2020-04-24,4
CUB,2020-04-25,4
CUB,2020-04-26,5
CUB,2020-04-27,4
CUB,2020-04-28,5
CUB,2020-04-29,5
CUB,2020-04-30,5
CUB,2020-05-01,6
CUB,2020-05-02,6
MEX,2020-04-19,57
MEX,2020-04-20,58
MEX,2020-04-21,61
MEX,2020-04-22,63
MEX,2020-04-23,64
MEX,2020-04-24,66
MEX,2020-04-25,67
MEX,2020-04-26,68
MEX,2020-04-27,68
MEX,2020-04-28,69
MEX,2020-04-29,69
MEX,2020-04-30,69
MEX,2020-05-01,69
MEX,2020-05-02,68
SAU,2020-04-19,4
SAU,2020-04-20,5
SAU,2020-04-21,4
SAU,2020-04-22,5
SAU,2020-04-23,4
SAU,2020-04-24,4
SAU,2020-04-25,4
SAU,2020-04-26,4
SAU,2020-04-27,3
SAU,2020-04-28,4
SAU,2020-04-29,3
SAU,2020-04-30,3
SAU,2020-05-01,3
SAU,2020-05-02,3
CZE,2020-04-19,11
CZE,2020-04-20,6
CZE,2020-04-21,6
CZE,2020-04-22,6
CZE,2020-04-23,4
CZE,2020-04-24,5
CZE,2020-04-25,4
CZE,2020-04-26,4
CZE,2020-04-27,4
CZE,2020-04-28,3
CZE,2020-04-29,3
CZE,2020-04-30,3
CZE,2020-05-01,2
CZE,2020-05-02,2
NZL,2020-04-19,1
NZL,2020-04-20,1
NZL,2020-04-21,0
NZL,2020-04-22,1
NZL,2020-04-23,0
NZL,2020-04-24,0
NZL,2020-04-25,0
NZL,2020-04-26,1
NZL,2020-04-27,0
NZL,2020-04-28,0
NZL,2020-04-29,0
NZL,2020-04-30,0
NZL,2020-05-01,0
NZL,2020-05-02,0
COD,2020-04-19,0
COD,2020-04-20,0
COD,2020-04-21,1
COD,2020-04-22,0
COD,2020-04-23,0
COD,2020-04-24,0
COD,2020-04-25,0
COD,2020-04-26,0
COD,2020-04-27,0
COD,2020-04-28,0
COD,2020-04-29,0
COD,2020-04-30,1
COD,2020-05-01,0
COD,2020-05-02,0
CYP,2020-04-19,0
CYP,2020-04-20,1
CYP,2020-04-21,0
CYP,2020-04-22,0
CYP,2020-04-23,0
CYP,2020-04-24,0
CYP,2020-04-25,0
CYP,2020-04-26,0
CYP,2020-04-27,0
CYP,2020-04-28,0
CYP,2020-04-29,0
CYP,2020-04-30,0
CYP,2020-05-01,0
CYP,2020-05-02,0
ARM,2020-04-19,1
ARM,2020-04-20,2
ARM,2020-04-21,1
ARM,2020-04-22,1
ARM,2020-04-23,1
ARM,2020-04-24,2
ARM,2020-04-25,1
ARM,2020-04-26,1
ARM,2020-04-27,1
ARM,2020-04-28,1
ARM,2020-04-29,2
ARM,2020-04-30,1
ARM,2020-05-01,1
ARM,2020-05-02,1
AUS,2020-04-19,6
AUS,2020-04-20,2
AUS,2020-04-21,2
AUS,2020-04-22,3
AUS,2020-04-23,2
AUS,2020-04-24,2
AUS,2020-04-25,2
AUS,2020-04-26,2
AUS,2020-04-27,2
AUS,2020-04-28,2
AUS,2020-04-29,1
AUS,2020-04-30,2
AUS,2020-05-01,1
AUS,2020-05-02,2
KEN,2020-04-19,0
KEN,2020-04-20,1
KEN,2020-04-21,0
KEN,2020-04-22,1
KEN,2020-04-23,0
KEN,2020-04-24,0
KEN,2020-04-25,1
KEN,2020-04-26,0
KEN,2020-04-27,0
KEN,2020-04-28,1
KEN,2020-04-29,0
KEN,2020-04-30,0
KEN,2020-05-01,0
KEN,2020-05-02,0
MKD,2020-04-19,2
MKD,2020-04-20,2
MKD,2020-04-21,2
MKD,2020-04-22,1
MKD,2020-04-23,2
MKD,2020-04-24,1
MKD,2020-04-25,2
MKD,2020-04-26,1
MKD,2020-04-27,1
MKD,2020-04-28,2
MKD,2020-04-29,1
MKD,2020-04-30,1
MKD,2020-05-01,1
MKD,2020-05-02,0
ROU,2020-04-19,24
ROU,2020-04-20,18
ROU,2020-04-21,18
ROU,2020-04-22,16
ROU,2020-04-23,16
ROU,2020-04-24,15
ROU,2020-04-25,15
ROU,2020-04-26,13
ROU,2020-04-27,13
ROU,2020-04-28,12
ROU,2020-04-29,11
ROU,2020-04-30,10
ROU,2020-05-01,10
ROU,2020-05-02,9
BGR,2020-04-19,1
BGR,2020-04-20,2
BGR,2020-04-21,2
BGR,2020-04-22,2
BGR,2020-04-23,2
BGR,2020-04-24,2
BGR,2020-04-25,2
BGR,2020-04-26,2
BGR,2020-04-27,2
BGR,2020-04-28,1
BGR,2020-04-29,2
BGR,2020-04-30,2
BGR,2020-05-01,1
BGR,2020-05-02,2
IND,2020-04-19,47
IND,2020-04-20,41
IND,2020-04-21,41
IND,2020-04-22,41
IND,2020-04-23,41
IND,2020-04-24,40
IND,2020-04-25,41
IND,2020-04-26,39
IND,2020-04-27,39
IND,2020-04-28,38
IND,2020-04-29,37
IND,2020-04-30,36
IND,2020-05-01,36
IND,2020-05-02,34
NLD,2020-04-19,17
NLD,2020-04-20,97
NLD,2020-04-21,91
NLD,2020-04-22,86
NLD,2020-04-23,80
NLD,2020-04-24,76
NLD,2020-04-25,70
NLD,2020-04-26,67
NLD,2020-04-27,61
NLD,2020-04-28,58
NLD,2020-04-29,53
NLD,2020-04-30,50
NLD,2020-05-01,46
NLD,2020-05-02,43
ARE,2020-04-19,5
ARE,2020-04-20,4
ARE,2020-04-21,4
ARE,2020-04-22,5
ARE,2020-04-23,5
ARE,2020-04-24,5
ARE,2020-04-25,5
ARE,2020-04-26,6
ARE,2020-04-27,6
ARE,2020-04-28,6
ARE,2020-04-29,7
ARE,2020-04-30,7
ARE,2020-05-01,7
ARE,2020-05-02,8
USA,2020-04-19,2209
USA,2020-04-20,3187
USA,2020-04-21,3286
USA,2020-04-22,3376
USA,2020-04-23,3458
USA,2020-04-24,3531
USA,2020-04-25,3594
USA,2020-04-26,3649
USA,2020-04-27,3693
USA,2020-04-28,3730
USA,2020-04-29,3756
USA,2020-04-30,3775
USA,2020-05-01,3785
USA,2020-05-02,3786
MDA,2020-04-19,2
MDA,2020-04-20,4
MDA,2020-04-21,3
MDA,2020-04-22,4
MDA,2020-04-23,3
MDA,2020-04-24,4
MDA,2020-04-25,3
MDA,2020-04-26,3
MDA,2020-04-27,3
MDA,2020-04-28,3
MDA,2020-04-29,2
MDA,2020-04-30,3
MDA,2020-05-01,3
MDA,2020-05-02,2
IDN,2020-04-19,44
IDN,2020-04-20,38
IDN,2020-04-21,39
IDN,2020-04-22,40
IDN,2020-04-23,41
IDN,2020-04-24,43
IDN,2020-04-25,44
IDN,2020-04-26,46
IDN,2020-04-27,46
IDN,2020-04-28,48
IDN,2020-04-29,49
IDN,2020-04-30,50
IDN,2020-05-01,51
IDN,2020-05-02,52
POL,2020-04-19,21
POL,2020-04-20,21
POL,2020-04-21,20
POL,2020-04-22,20
POL,2020-04-23,20
POL,2020-04-24,19
POL,2020-04-25,18
POL,2020-04-26,18
POL,2020-04-27,17
POL,2020-04-28,16
POL,2020-04-29,15
POL,2020-04-30,15
POL,2020-05-01,15
POL,2020-05-02,13
CMR,2020-04-19,0
CMR,2020-04-20,1
CMR,2020-04-21,2
CMR,2020-04-22,1
CMR,2020-04-23,1
CMR,2020-04-24,1
CMR,2020-04-25,2
CMR,2020-04-26,1
CMR,2020-04-27,1
CMR,2020-04-28,1
CMR,2020-04-29,2
CMR,2020-04-30,1
CMR,2020-05-01,1
CMR,2020-05-02,1
THA,2020-04-19,3
THA,2020-04-20,1
THA,2020-04-21,1
THA,2020-04-22,1
THA,2020-04-23,1
THA,2020-04-24,1
THA,2020-04-25,1
THA,2020-04-26,0
THA,2020-04-27,1
THA,2020-04-28,1
THA,2020-04-29,0
THA,2020-04-30,1
THA,2020-05-01,0
THA,2020-05-02,1
FIN,2020-04-19,4
FIN,2020-04-20,5
FIN,2020-04-21,6
FIN,2020-04-22,5
FIN,2020-04-23,5
FIN,2020-04-24,6
FIN,2020-04-25,5
FIN,2020-04-26,5
FIN,2020-04-27,6
FIN,2020-04-28,5
FIN,2020-04-29,5
FIN,2020-04-30,5
FIN,2020-05-01,5
FIN,2020-05-02,5
SWE,2020-04-19,49
SWE,2020-04-20,82
SWE,2020-04-21,81
SWE,2020-04-22,80
SWE,2020-04-23,78
SWE,2020-04-24,76
SWE,2020-04-25,74
SWE,2020-04-26,72
SWE,2020-04-27,70
SWE,2020-04-28,68
SWE,2020-04-29,65
SWE,2020-04-30,62
SWE,2020-05-01,60
SWE,2020-05-02,58
PAK,2020-04-19,11
PAK,2020-04-20,11
PAK,2020-04-21,13
PAK,2020-04-22,12
PAK,2020-04-23,13
PAK,2020-04-24,13
PAK,2020-04-25,14
PAK,2020-04-26,14
PAK,2020-04-27,14
PAK,2020-04-28,14
PAK,2020-04-29,15
PAK,2020-04-30,14
PAK,2020-05-01,15
PAK,2020-05-02,16
UKR,2020-04-19,14
UKR,2020-04-20,12
UKR,2020-04-21,13
UKR,2020-04-22,13
UKR,2020-04-23,14
UKR,2020-04-24,14
UKR,2020-04-25,14
UKR,2020-04-26,14
UKR,2020-04-27,15
UKR,2020-04-28,15
UKR,2020-04-29,14
UKR,2020-04-30,15
UKR,2020-05-01,15
UKR,2020-05-02,15
LTU,2020-04-19,2
LTU,2020-04-20,3
LTU,2020-04-21,2
LTU,2020-04-22,3
LTU,2020-04-23,2
LTU,2020-04-24,3
LTU,2020-04-25,3
LTU,2020-04-26,3
LTU,2020-04-27,3
LTU,2020-04-28,3
LTU,2020-04-29,3
LTU,2020-04-30,3
LTU,2020-05-01,3
LTU,2020-05-02,3
MYS,2020-04-19,0
MYS,2020-04-20,1
MYS,2020-04-21,1
MYS,2020-04-22,1
MYS,2020-04-23,1
MYS,2020-04-24,1
MYS,2020-04-25,0
MYS,2020-04-26,1
MYS,2020-04-27,1
MYS,2020-04-28,0
MYS,2020-04-29,0
MYS,2020-04-30,1
MYS,2020-05-01,0
MYS,2020-05-02,0
TUR,2020-04-19,80
TUR,2020-04-20,104
TUR,2020-04-21,102
TUR,2020-04-22,101
TUR,2020-04-23,98
TUR,2020-04-24,95
TUR,2020-04-25,93
TUR,2020-04-26,90
TUR,2020-04-27,86
TUR,2020-04-28,84
TUR,2020-04-29,80
TUR,2020-04-30,77
TUR,2020-05-01,73
TUR,2020-05-02,71
HND,2020-04-19,5
HND,2020-04-20,5
HND,2020-04-21,5
HND,2020-04-22,5
HND,2020-04-23,5
HND,2020-04-24,5
HND,2020-04-25,5
HND,2020-04-26,5
HND,2020-04-27,5
HND,2020-04-28,5
HND,2020-04-29,5
HND,2020-04-30,5
HND,2020-05-01,5
HND,2020-05-02,5
BGD,2020-04-19,5
BGD,2020-04-20,5
BGD,2020-04-21,5
BGD,2020-04-22,5
BGD,2020-04-23,5
BGD,2020-04-24,5
BGD,2020-04-25,5
BGD,2020-04-26,5
BGD,2020-04-27,5
BGD,2020-04-28,5
BGD,2020-04-29,5
BGD,2020-04-30,5
BGD,2020-05-01,5
BGD,2020-05-02,5
JEY,2020-04-19,1
JEY,2020-04-20,1
JEY,2020-04-21,1
JEY,2020-04-22,1
JEY,2020-04-23,1
JEY,2020-04-24,1
JEY,2020-04-25,1
JEY,2020-04-26,1
JEY,2020-04-27,1
JEY,2020-04-28,1
JEY,2020-04-29,1
JEY,2020-04-30,1
JEY,2020-05-01,1
JEY,2020-05-02,1
GMB,2020-04-19,0
GMB,2020-04-20,0
GMB,2020-04-21,0
GMB,2020-04-22,0
GMB,2020-04-23,0
GMB,2020-04-24,0
GMB,2020-04-25,0
GMB,2020-04-26,0
GMB,2020-04-27,0
GMB,2020-04-28,0
GMB,2020-04-29,0
GMB,2020-04-30,0
GMB,2020-05-01,0
GMB,2020-05-02,0
KGZ,2020-04-19,0
KGZ,2020-04-20,0
KGZ,2020-04-21,0
KGZ,2020-04-22,0
KGZ,2020-04-23,0
KGZ,2020-04-24,0
KGZ,2020-04-25,0
KGZ,2020-04-26,0
KGZ,2020-04-27,0
KGZ,2020-04-28,0
KGZ,2020-04-29,0
KGZ,2020-04-30,0
KGZ,2020-05-01,0
KGZ,2020-05-02,0
TZA,2020-04-19,0
TZA,2020-04-20,0
TZA,2020-04-21,0
TZA,2020-04-22,0
TZA,2020-04-23,0
TZA,2020-04-24,0
TZA,2020-04-25,0
TZA,2020-04-26,0
TZA,2020-04-27,0
TZA,2020-04-28,0
TZA,2020-04-29,0
TZA,2020-04-30,0
TZA,2020-05-01,0
TZA,2020-05-02,0
SLE,2020-04-19,0
SLE,2020-04-20,0
SLE,2020-04-21,0
SLE,2020-04-22,0
SLE,2020-04-23,0
SLE,2020-04-24,0
SLE,2020-04-25,0
SLE,2020-04-26,0
SLE,2020-04-27,0
SLE,2020-04-28,0
SLE,2020-04-29,0
SLE,2020-04-30,0
SLE,2020-05-01,0
SLE,2020-05-02,0
ABW,2020-04-19,0
ABW,2020-04-20,0
ABW,2020-04-21,0
ABW,2020-04-22,0
ABW,2020-04-23,0
ABW,2020-04-24,0
ABW,2020-04-25,0
ABW,2020-04-26,0
ABW,2020-04-27,0
ABW,2020-04-28,0
ABW,2020-04-29,0
ABW,2020-04-30,0
ABW,2020-05-01,0
ABW,2020-05-02,0
CRI,2020-04-19,0
CRI,2020-04-20,0
CRI,2020-04-21,0
CRI,2020-04-22,0
CRI,2020-04-23,0
CRI,2020-04-24,0
CRI,2020-04-25,0
CRI,2020-04-26,0
CRI,2020-04-27,0
CRI,2020-04-28,0
CRI,2020-04-29,0
CRI,2020-04-30,0
CRI,2020-05-01,0
CRI,2020-05-02,0
GGY,2020-04-19,0
GGY,2020-04-20,0
GGY,2020-04-21,0
GGY,2020-04-22,0
GGY,2020-04-23,0
GGY,2020-04-24,0
GGY,2020-04-25,0
GGY,2020-04-26,0
GGY,2020-04-27,0
GGY,2020-04-28,0
GGY,2020-04-29,0
GGY,2020-04-30,0
GGY,2020-05-01,0
GGY,2020-05-02,0
NPL,2020-04-19,0
NPL,2020-04-20,0
NPL,2020-04-21,0
NPL,2020-04-22,0
NPL,2020-04-23,0
NPL,2020-04-24,0
NPL,2020-04-25,0
NPL,2020-04-26,0
NPL,2020-04-27,0
NPL,2020-04-28,0
NPL,2020-04-29,0
NPL,2020-04-30,0
NPL,2020-05-01,0
NPL,2020-05-02,0
ERI,2020-04-19,0
ERI,2020-04-20,0
ERI,2020-04-21,0
ERI,2020-04-22,0
ERI,2020-04-23,0
ERI,2020-04-24,0
ERI,2020-04-25,0
ERI,2020-04-26,0
ERI,2020-04-27,0
ERI,2020-04-28,0
ERI,2020-04-29,0
ERI,2020-04-30,0
ERI,2020-05-01,0
ERI,2020-05-02,0
FRO,2020-04-19,0
FRO,2020-04-20,0
FRO,2020-04-21,0
FRO,2020-04-22,0
FRO,2020-04-23,0
FRO,2020-04-24,0
FRO,2020-04-25,0
FRO,2020-04-26,0
FRO,2020-04-27,0
FRO,2020-04-28,0
FRO,2020-04-29,0
FRO,2020-04-30,0
FRO,2020-05-01,0
FRO,2020-05-02,0
SDN,2020-04-19,0
SDN,2020-04-20,0
SDN,2020-04-21,0
SDN,2020-04-22,0
SDN,2020-04-23,0
SDN,2020-04-24,0
SDN,2020-04-25,0
SDN,2020-04-26,0
SDN,2020-04-27,0
SDN,2020-04-28,0
SDN,2020-04-29,0
SDN,2020-04-30,0
SDN,2020-05-01,0
SDN,2020-05-02,0
ISL,2020-04-19,0
ISL,2020-04-20,0
ISL,2020-04-21,0
ISL,2020-04-22,0
ISL,2020-04-23,0
ISL,2020-04-24,0
ISL,2020-04-25,0
ISL,2020-04-26,0
ISL,2020-04-27,0
ISL,2020-04-28,0
ISL,2020-04-29,0
ISL,2020-04-30,0
ISL,2020-05-01,0
ISL,2020-05-02,0
VGB,2020-04-19,0
VGB,2020-04-20,0
VGB,2020-04-21,0
VGB,2020-04-22,0
VGB,2020-04-23,0
VGB,2020-04-24,0
VGB,2020-04-25,0
VGB,2020-04-26,0
VGB,2020-04-27,0
VGB,2020-04-28,0
VGB,2020-04-29,0
VGB,2020-04-30,0
VGB,2020-05-01,0
VGB,2020-05-02,0
QAT,2020-04-19,0
QAT,2020-04-20,0
QAT,2020-04-21,0
QAT,2020-04-22,0
QAT,2020-04-23,0
QAT,2020-04-24,0
QAT,2020-04-25,0
QAT,2020-04-26,0
QAT,2020-04-27,0
QAT,2020-04-28,0
QAT,2020-04-29,0
QAT,2020-04-30,0
QAT,2020-05-01,0
QAT,2020-05-02,0
HTI,2020-04-19,0
HTI,2020-04-20,0
HTI,2020-04-21,0
HTI,2020-04-22,0
HTI,2020-04-23,0
HTI,2020-04-24,0
HTI,2020-04-25,0
HTI,2020-04-26,0
HTI,2020-04-27,0
HTI,2020-04-28,0
HTI,2020-04-29,0
HTI,2020-04-30,0
HTI,2020-05-01,0
HTI,2020-05-02,0
BTN,2020-04-19,0
BTN,2020-04-20,0
BTN,2020-04-21,0
BTN,2020-04-22,0
BTN,2020-04-23,0
BTN,2020-04-24,0
BTN,2020-04-25,0
BTN,2020-04-26,0
BTN,2020-04-27,0
BTN,2020-04-28,0
BTN,2020-04-29,0
BTN,2020-04-30,0
BTN,2020-05-01,0
BTN,2020-05-02,0
LVA,2020-04-19,0
LVA,2020-04-20,0
LVA,2020-04-21,0
LVA,2020-04-22,0
LVA,2020-04-23,0
LVA,2020-04-24,0
LVA,2020-04-25,0
LVA,2020-04-26,0
LVA,2020-04-27,0
LVA,2020-04-28,0
LVA,2020-04-29,0
LVA,2020-04-30,0
LVA,2020-05-01,0
LVA,2020-05-02,0
BMU,2020-04-19,0
BMU,2020-04-20,0
BMU,2020-04-21,0
BMU,2020-04-22,0
BMU,2020-04-23,0
BMU,2020-04-24,0
BMU,2020-04-25,0
BMU,2020-04-26,0
BMU,2020-04-27,0
BMU,2020-04-28,0
BMU,2020-04-29,0
BMU,2020-04-30,0
BMU,2020-05-01,0
BMU,2020-05-02,0
VAT,2020-04-19,0
VAT,2020-04-20,0
VAT,2020-04-21,0
VAT,2020-04-22,0
VAT,2020-04-23,0
VAT,2020-04-24,0
VAT,2020-04-25,0
VAT,2020-04-26,0
VAT,2020-04-27,0
VAT,2020-04-28,0
VAT,2020-04-29,0
VAT,2020-04-30,0
VAT,2020-05-01,0
VAT,2020-05-02,0
KNA,2020-04-19,0
KNA,2020-04-20,0
KNA,2020-04-21,0
KNA,2020-04-22,0
KNA,2020-04-23,0
KNA,2020-04-24,0
KNA,2020-04-25,0
KNA,2020-04-26,0
KNA,2020-04-27,0
KNA,2020-04-28,0
KNA,2020-04-29,0
KNA,2020-04-30,0
KNA,2020-05-01,0
KNA,2020-05-02,0
SSD,2020-04-19,0
SSD,2020-04-20,0
SSD,2020-04-21,0
SSD,2020-04-22,0
SSD,2020-04-23,0
SSD,2020-04-24,0
SSD,2020-04-25,0
SSD,2020-04-26,0
SSD,2020-04-27,0
SSD,2020-04-28,0
SSD,2020-04-29,0
SSD,2020-04-30,0
SSD,2020-05-01,0
SSD,2020-05-02,0
BEN,2020-04-19,0
BEN,2020-04-20,0
BEN,2020-04-21,0
BEN,2020-04-22,0
BEN,2020-04-23,0
BEN,2020-04-24,0
BEN,2020-04-25,0
BEN,2020-04-26,0
BEN,2020-04-27,0
BEN,2020-04-28,0
BEN,2020-04-29,0
BEN,2020-04-30,0
BEN,2020-05-01,0
BEN,2020-05-02,0
GRL,2020-04-19,0
GRL,2020-04-20,0
GRL,2020-04-21,0
GRL,2020-04-22,0
GRL,2020-04-23,0
GRL,2020-04-24,0
GRL,2020-04-25,0
GRL,2020-04-26,0
GRL,2020-04-27,0
GRL,2020-04-28,0
GRL,2020-04-29,0
GRL,2020-04-30,0
GRL,2020-05-01,0
GRL,2020-05-02,0
URY,2020-04-19,0
URY,2020-04-20,0
URY,2020-04-21,0
URY,2020-04-22,0
URY,2020-04-23,0
URY,2020-04-24,0
URY,2020-04-25,0
URY,2020-04-26,0
URY,2020-04-27,0
URY,2020-04-28,0
URY,2020-04-29,0
URY,2020-04-30,0
URY,2020-05-01,0
URY,2020-05-02,0
SOM,2020-04-19,0
SOM,2020-04-20,0
SOM,2020-04-21,0
SOM,2020-04-22,0
SOM,2020-04-23,0
SOM,2020-04-24,0
SOM,2020-04-25,0
SOM,2020-04-26,0
SOM,2020-04-27,0
SOM,2020-04-28,0
SOM,2020-04-29,0
SOM,2020-04-30,0
SOM,2020-05-01,0
SOM,2020-05-02,0
MNP,2020-04-19,0
MNP,2020-04-20,0
MNP,2020-04-21,0
MNP,2020-04-22,0
MNP,2020-04-23,0
MNP,2020-04-24,0
MNP,2020-04-25,0
MNP,2020-04-26,0
MNP,2020-04-27,0
MNP,2020-04-28,0
MNP,2020-04-29,0
MNP,2020-04-30,0
MNP,2020-05-01,0
MNP,2020-05-02,0
ATG,2020-04-19,0
ATG,2020-04-20,0
ATG,2020-04-21,0
ATG,2020-04-22,0
ATG,2020-04-23,0
ATG,2020-04-24,0
ATG,2020-04-25,0
ATG,2020-04-26,0
ATG,2020-04-27,0
ATG,2020-04-28,0
ATG,2020-04-29,0
ATG,2020-04-30,0
ATG,2020-05-01,0
ATG,2020-05-02,0
LKA,2020-04-19,0
LKA,2020-04-20,0
LKA,2020-04-21,0
LKA,2020-04-22,0
LKA,2020-04-23,0
LKA,2020-04-24,0
LKA,2020-04-25,0
LKA,2020-04-26,0
LKA,2020-04-27,0
LKA,2020-04-28,0
LKA,2020-04-29,0
LKA,2020-04-30,0
LKA,2020-05-01,0
LKA,2020-05-02,0
MLT,2020-04-19,0
MLT,2020-04-20,0
MLT,2020-04-21,0
MLT,2020-04-22,0
MLT,2020-04-23,0
MLT,2020-04-24,0
MLT,2020-04-25,0
MLT,2020-04-26,0
MLT,2020-04-27,0
MLT,2020-04-28,0
MLT,2020-04-29,0
MLT,2020-04-30,0
MLT,2020-05-01,0
MLT,2020-05-02,0
GUY,2020-04-19,0
GUY,2020-04-20,0
GUY,2020-04-21,0
GUY,2020-04-22,0
GUY,2020-04-23,0
GUY,2020-04-24,0
GUY,2020-04-25,0
GUY,2020-04-26,0
GUY,2020-04-27,0
GUY,2020-04-28,0
GUY,2020-04-29,0
GUY,2020-04-30,0
GUY,2020-05-01,0
GUY,2020-05-02,0
BLZ,2020-04-19,0
BLZ,2020-04-20,0
BLZ,2020-04-21,0
BLZ,2020-04-22,0
BLZ,2020-04-23,0
BLZ,2020-04-24,0
BLZ,2020-04-25,0
BLZ,2020-04-26,0
BLZ,2020-04-27,0
BLZ,2020-04-28,0
BLZ,2020-04-29,0
BLZ,2020-04-30,0
BLZ,2020-05-01,0
BLZ,2020-05-02,0
MOZ,2020-04-19,0
MOZ,2020-04-20,0
MOZ,2020-04-21,0
MOZ,2020-04-22,0
MOZ,2020-04-23,0
MOZ,2020-04-24,0
MOZ,2020-04-25,0
MOZ,2020-04-26,0
MOZ,2020-04-27,0
MOZ,2020-04-28,0
MOZ,2020-04-29,0
MOZ,2020-04-30,0
MOZ,2020-05-01,0
MOZ,2020-05-02,0
GRD,2020-04-19,0
GRD,2020-04-20,0
GRD,2020-04-21,0
GRD,2020-04-22,0
GRD,2020-04-23,0
GRD,2020-04-24,0
GRD,2020-04-25,0
GRD,2020-04-26,0
GRD,2020-04-27,0
GRD,2020-04-28,0
GRD,2020-04-29,0
GRD,2020-04-30,0
GRD,2020-05-01,0
GRD,2020-05-02,0
BRN,2020-04-19,0
BRN,2020-04-20,0
BRN,2020-04-21,0
BRN,2020-04-22,0
BRN,2020-04-23,0
BRN,2020-04-24,0
BRN,2020-04-25,0
BRN,2020-04-26,0
BRN,2020-04-27,0
BRN,2020-04-28,0
BRN,2020-04-29,0
BRN,2020-04-30,0
BRN,2020-05-01,0
BRN,2020-05-02,0
LBY,2020-04-19,0
LBY,2020-04-20,0
LBY,2020-04-21,0
LBY,2020-04-22,0
LBY,2020-04-23,0
LBY,2020-04-24,0
LBY,2020-04-25,0
LBY,2020-04-26,0
LBY,2020-04-27,0
LBY,2020-04-28,0
LBY,2020-04-29,0
LBY,2020-04-30,0
LBY,2020-05-01,0
LBY,2020-05-02,0
SVK,2020-04-19,0
SVK,2020-04-20,0
SVK,2020-04-21,0
SVK,2020-04-22,0
SVK,2020-04-23,0
SVK,2020-04-24,0
SVK,2020-04-25,0
SVK,2020-04-26,0
SVK,2020-04-27,0
SVK,2020-04-28,0
SVK,2020-04-29,0
SVK,2020-04-30,0
SVK,2020-05-01,0
SVK,2020-05-02,0
TTO,2020-04-19,0
TTO,2020-04-20,0
TTO,2020-04-21,0
TTO,2020-04-22,0
TTO,2020-04-23,0
TTO,2020-04-24,0
TTO,2020-04-25,0
TTO,2020-04-26,0
TTO,2020-04-27,0
TTO,2020-04-28,0
TTO,2020-04-29,0
TTO,2020-04-30,0
TTO,2020-05-01,0
TTO,2020-05-02,0
TCA,2020-04-19,0
TCA,2020-04-20,0
TCA,2020-04-21,0
TCA,2020-04-22,0
TCA,2020-04-23,0
TCA,2020-04-24,0
TCA,2020-04-25,0
TCA,2020-04-26,0
TCA,2020-04-27,0
TCA,2020-04-28,0
TCA,2020-04-29,0
TCA,2020-04-30,0
TCA,2020-05-01,0
TCA,2020-05-02,0
JAM,2020-04-19,0
JAM,2020-04-20,0
JAM,2020-04-21,0
JAM,2020-04-22,0
JAM,2020-04-23,0
JAM,2020-04-24,0
JAM,2020-04-25,0
JAM,2020-04-26,0
JAM,2020-04-27,0
JAM,2020-04-28,0
JAM,2020-04-29,0
JAM,2020-04-30,0
JAM,2020-05-01,0
JAM,2020-05-02,0
VEN,2020-04-19,0
VEN,2020-04-20,0
VEN,2020-04-21,0
VEN,2020-04-22,0
VEN,2020-04-23,0
VEN,2020-04-24,0
VEN,2020-04-25,0
VEN,2020-04-26,0
VEN,2020-04-27,0
VEN,2020-04-28,0
VEN,2020-04-29,0
VEN,2020-04-30,0
VEN,2020-05-01,0
VEN,2020-05-02,0
MNG,2020-04-19,0
MNG,2020-04-20,0
MNG,2020-04-21,0
MNG,2020-04-22,0
MNG,2020-04-23,0
MNG,2020-04-24,0
MNG,2020-04-25,0
MNG,2020-04-26,0
MNG,2020-04-27,0
MNG,2020-04-28,0
MNG,2020-04-29,0
MNG,2020-04-30,0
MNG,2020-05-01,0
MNG,2020-05-02,0
ZMB,2020-04-19,0
ZMB,2020-04-20,0
ZMB,2020-04-21,0
ZMB,2020-04-22,0
ZMB,2020-04-23,0
ZMB,2020-04-24,0
ZMB,2020-04-25,0
ZMB,2020-04-26,0
ZMB,2020-04-27,0
ZMB,2020-04-28,0
ZMB,2020-04-29,0
ZMB,2020-04-30,0
ZMB,2020-05-01,0
ZMB,2020-05-02,0
DMA,2020-04-19,0
DMA,2020-04-20,0
DMA,2020-04-21,0
DMA,2020-04-22,0
DMA,2020-04-23,0
DMA,2020-04-24,0
DMA,2020-04-25,0
DMA,2020-04-26,0
DMA,2020-04-27,0
DMA,2020-04-28,0
DMA,2020-04-29,0
DMA,2020-04-30,0
DMA,2020-05-01,0
DMA,2020-05-02,0
NIC,2020-04-19,0
NIC,2020-04-20,0
NIC,2020-04-21,0
NIC,2020-04-22,0
NIC,2020-04-23,0
NIC,2020-04-24,0
NIC,2020-04-25,0
NIC,2020-04-26,0
NIC,2020-04-27,0
NIC,2020-04-28,0
NIC,2020-04-29,0
NIC,2020-04-30,0
NIC,2020-05-01,0
NIC,2020-05-02,0
MUS,2020-04-19,0
MUS,2020-04-20,0
MUS,2020-04-21,0
MUS,2020-04-22,0
MUS,2020-04-23,0
MUS,2020-04-24,0
MUS,2020-04-25,0
MUS,2020-04-26,0
MUS,2020-04-27,0
MUS,2020-04-28,0
MUS,2020-04-29,0
MUS,2020-04-30,0
MUS,2020-05-01,0
MUS,2020-05-02,0
CPV,2020-04-19,0
CPV,2020-04-20,0
CPV,2020-04-21,0
CPV,2020-04-22,0
CPV,2020-04-23,0
CPV,2020-04-24,0
CPV,2020-04-25,0
CPV,2020-04-26,0
CPV,2020-04-27,0
CPV,2020-04-28,0
CPV,2020-04-29,0
CPV,2020-04-30,0
CPV,2020-05-01,0
CPV,2020-05-02,0
VIR,2020-04-19,0
VIR,2020-04-20,0
VIR,2020-04-21,0
VIR,2020-04-22,0
VIR,2020-04-23,0
VIR,2020-04-24,0
VIR,2020-04-25,0
VIR,2020-04-26,0
VIR,2020-04-27,0
VIR,2020-04-28,0
VIR,2020-04-29,0
VIR,2020-04-30,0
VIR,2020-05-01,0
VIR,2020-05-02,0
CIV,2020-04-19,0
CIV,2020-04-20,0
CIV,2020-04-21,0
CIV,2020-04-22,0
CIV,2020-04-23,0
CIV,2020-04-24,0
CIV,2020-04-25,0
CIV,2020-04-26,0
CIV,2020-04-27,0
CIV,2020-04-28,0
CIV,2020-04-29,0
CIV,2020-04-30,0
CIV,2020-05-01,0
CIV,2020-05-02,0
BWA,2020-04-19,0
BWA,2020-04-20,0
BWA,2020-04-21,0
BWA,2020-04-22,0
BWA,2020-04-23,0
BWA,2020-04-24,0
BWA,2020-04-25,0
BWA,2020-04-26,0
BWA,2020-04-27,0
BWA,2020-04-28,0
BWA,2020-04-29,0
BWA,2020-04-30,0
BWA,2020-05-01,0
BWA,2020-05-02,0
ZWE,2020-04-19,0
ZWE,2020-04-20,0
ZWE,2020-04-21,0
ZWE,2020-04-22,0
ZWE,2020-04-23,0
ZWE,2020-04-24,0
ZWE,2020-04-25,0
ZWE,2020-04-26,0
ZWE,2020-04-27,0
ZWE,2020-04-28,0
ZWE,2020-04-29,0
ZWE,2020-04-30,0
ZWE,2020-05-01,0
ZWE,2020-05-02,0
STP,2020-04-19,0
STP,2020-04-20,0
STP,2020-04-21,0
STP,2020-04-22,0
STP,2020-04-23,0
STP,2020-04-24,0
STP,2020-04-25,0
STP,2020-04-26,0
STP,2020-04-27,0
STP,2020-04-28,0
STP,2020-04-29,0
STP,2020-04-30,0
STP,2020-05-01,0
STP,2020-05-02,0
MCO,2020-04-19,0
MCO,2020-04-20,0
MCO,2020-04-21,0
MCO,2020-04-22,0
MCO,2020-04-23,0
MCO,2020-04-24,0
MCO,2020-04-25,0
MCO,2020-04-26,0
MCO,2020-04-27,0
MCO,2020-04-28,0
MCO,2020-04-29,0
MCO,2020-04-30,0
MCO,2020-05-01,0
MCO,2020-05-02,0
GHA,2020-04-19,0
GHA,2020-04-20,0
GHA,2020-04-21,0
GHA,2020-04-22,0
GHA,2020-04-23,0
GHA,2020-04-24,0
GHA,2020-04-25,0
GHA,2020-04-26,0
GHA,2020-04-27,0
GHA,2020-04-28,0
GHA,2020-04-29,0
GHA,2020-04-30,0
GHA,2020-05-01,0
GHA,2020-05-02,0
MDV,2020-04-19,0
MDV,2020-04-20,0
MDV,2020-04-21,0
MDV,2020-04-22,0
MDV,2020-04-23,0
MDV,2020-04-24,0
MDV,2020-04-25,0
MDV,2020-04-26,0
MDV,2020-04-27,0
MDV,2020-04-28,0
MDV,2020-04-29,0
MDV,2020-04-30,0
MDV,2020-05-01,0
MDV,2020-05-02,0
LCA,2020-04-19,0
LCA,2020-04-20,0
LCA,2020-04-21,0
LCA,2020-04-22,0
LCA,2020-04-23,0
LCA,2020-04-24,0
LCA,2020-04-25,0
LCA,2020-04-26,0
LCA,2020-04-27,0
LCA,2020-04-28,0
LCA,2020-04-29,0
LCA,2020-04-30,0
LCA,2020-05-01,0
LCA,2020-05-02,0
SYR,2020-04-19,0
SYR,2020-04-20,0
SYR,2020-04-21,0
SYR,2020-04-22,0
SYR,2020-04-23,0
SYR,2020-04-24,0
SYR,2020-04-25,0
SYR,2020-04-26,0
SYR,2020-04-27,0
SYR,2020-04-28,0
SYR,2020-04-29,0
SYR,2020-04-30,0
SYR,2020-05-01,0
SYR,2020-05-02,0
PYF,2020-04-19,0
PYF,2020-04-20,0
PYF,2020-04-21,0
PYF,2020-04-22,0
PYF,2020-04-23,0
PYF,2020-04-24,0
PYF,2020-04-25,0
PYF,2020-04-26,0
PYF,2020-04-27,0
PYF,2020-04-28,0
PYF,2020-04-29,0
PYF,2020-04-30,0
PYF,2020-05-01,0
PYF,2020-05-02,0
CAF,2020-04-19,0
CAF,2020-04-20,0
CAF,2020-04-21,0
CAF,2020-04-22,0
CAF,2020-04-23,0
CAF,2020-04-24,0
CAF,2020-04-25,0
CAF,2020-04-26,0
CAF,2020-04-27,0
CAF,2020-04-28,0
CAF,2020-04-29,0
CAF,2020-04-30,0
CAF,2020-05-01,0
CAF,2020-05-02,0
BHS,2020-04-19,0
BHS,2020-04-20,0
BHS,2020-04-21,0
BHS,2020-04-22,0
BHS,2020-04-23,0
BHS,2020-04-24,0
BHS,2020-04-25,0
BHS,2020-04-26,0
BHS,2020-04-27,0
BHS,2020-04-28,0
BHS,2020-04-29,0
BHS,2020-04-30,0
BHS,2020-05-01,0
BHS,2020-05-02,0
VNM,2020-04-19,0
VNM,2020-04-20,0
VNM,2020-04-21,0
VNM,2020-04-22,0
VNM,2020-04-23,0
VNM,2020-04-24,0
VNM,2020-04-25,0
VNM,2020-04-26,0
VNM,2020-04-27,0
VNM,2020-04-28,0
VNM,2020-04-29,0
VNM,2020-04-30,0
VNM,2020-05-01,0
VNM,2020-05-02,0
KWT,2020-04-19,0
KWT,2020-04-20,0
KWT,2020-04-21,0
KWT,2020-04-22,0
KWT,2020-04-23,0
KWT,2020-04-24,0
KWT,2020-04-25,0
KWT,2020-04-26,0
KWT,2020-04-27,0
KWT,2020-04-28,0
KWT,2020-04-29,0
KWT,2020-04-30,0
KWT,2020-05-01,0
KWT,2020-05-02,0
BHR,2020-04-19,0
BHR,2020-04-20,0
BHR,2020-04-21,0
BHR,2020-04-22,0
BHR,2020-04-23,0
BHR,2020-04-24,0
BHR,2020-04-25,0
BHR,2020-04-26,0
BHR,2020-04-27,0
BHR,2020-04-28,0
BHR,2020-04-29,0
BHR,2020-04-30,0
BHR,2020-05-01,0
BHR,2020-05-02,0
MSR,2020-04-19,0
MSR,2020-04-20,0
MSR,2020-04-21,0
MSR,2020-04-22,0
MSR,2020-04-23,0
MSR,2020-04-24,0
MSR,2020-04-25,0
MSR,2020-04-26,0
MSR,2020-04-27,0
MSR,2020-04-28,0
MSR,2020-04-29,0
MSR,2020-04-30,0
MSR,2020-05-01,0
MSR,2020-05-02,0
GNB,2020-04-19,0
GNB,2020-04-20,0
GNB,2020-04-21,0
GNB,2020-04-22,0
GNB,2020-04-23,0
GNB,2020-04-24,0
GNB,2020-04-25,0
GNB,2020-04-26,0
GNB,2020-04-27,0
GNB,2020-04-28,0
GNB,2020-04-29,0
GNB,2020-04-30,0
GNB,2020-05-01,0
GNB,2020-05-02,0
YEM,2020-04-19,0
YEM,2020-04-20,0
YEM,2020-04-21,0
YEM,2020-04-22,0
YEM,2020-04-23,0
YEM,2020-04-24,0
YEM,2020-04-25,0
YEM,2020-04-26,0
YEM,2020-04-27,0
YEM,2020-04-28,0
YEM,2020-04-29,0
YEM,2020-04-30,0
YEM,2020-05-01,0
YEM,2020-05-02,0
BDI,2020-04-19,0
BDI,2020-04-20,0
BDI,2020-04-21,0
BDI,2020-04-22,0
BDI,2020-04-23,0
BDI,2020-04-24,0
BDI,2020-04-25,0
BDI,2020-04-26,0
BDI,2020-04-27,0
BDI,2020-04-28,0
BDI,2020-04-29,0
BDI,2020-04-30,0
BDI,2020-05-01,0
BDI,2020-05-02,0
SEN,2020-04-19,0
SEN,2020-04-20,0
SEN,2020-04-21,0
SEN,2020-04-22,0
SEN,2020-04-23,0
SEN,2020-04-24,0
SEN,2020-04-25,0
SEN,2020-04-26,0
SEN,2020-04-27,0
SEN,2020-04-28,0
SEN,2020-04-29,0
SEN,2020-04-30,0
SEN,2020-05-01,0
SEN,2020-05-02,0
AGO,2020-04-19,0
AGO,2020-04-20,0
AGO,2020-04-21,0
AGO,2020-04-22,0
AGO,2020-04-23,0
AGO,2020-04-24,0
AGO,2020-04-25,0
AGO,2020-04-26,0
AGO,2020-04-27,0
AGO,2020-04-28,0
AGO,2020-04-29,0
AGO,2020-04-30,0
AGO,2020-05-01,0
AGO,2020-05-02,0
PSE,2020-04-19,0
PSE,2020-04-20,0
PSE,2020-04-21,0
PSE,2020-04-22,0
PSE,2020-04-23,0
PSE,2020-04-24,0
PSE,2020-04-25,0
PSE,2020-04-26,0
PSE,2020-04-27,0
PSE,2020-04-28,0
PSE,2020-04-29,0
PSE,2020-04-30,0
PSE,2020-05-01,0
PSE,2020-05-02,0
CYM,2020-04-19,0
CYM,2020-04-20,0
CYM,2020-04-21,0
CYM,2020-04-22,0
CYM,2020-04-23,0
CYM,2020-04-24,0
CYM,2020-04-25,0
CYM,2020-04-26,0
CYM,2020-04-27,0
CYM,2020-04-28,0
CYM,2020-04-29,0
CYM,2020-04-30,0
CYM,2020-05-01,0
CYM,2020-05-02,0
SXM,2020-04-19,0
SXM,2020-04-20,0
SXM,2020-04-21,0
SXM,2020-04-22,0
SXM,2020-04-23,0
SXM,2020-04-24,0
SXM,2020-04-25,0
SXM,2020-04-26,0
SXM,2020-04-27,0
SXM,2020-04-28,0
SXM,2020-04-29,0
SXM,2020-04-30,0
SXM,2020-05-01,0
SXM,2020-05-02,0
UGA,2020-04-19,0
UGA,2020-04-20,0
UGA,2020-04-21,0
UGA,2020-04-22,0
UGA,2020-04-23,0
UGA,2020-04-24,0
UGA,2020-04-25,0
UGA,2020-04-26,0
UGA,2020-04-27,0
UGA,2020-04-28,0
UGA,2020-04-29,0
UGA,2020-04-30,0
UGA,2020-05-01,0
UGA,2020-05-02,0
SUR,2020-04-19,0
SUR,2020-04-20,0
SUR,2020-04-21,0
SUR,2020-04-22,0
SUR,2020-04-23,0
SUR,2020-04-24,0
SUR,2020-04-25,0
SUR,2020-04-26,0
SUR,2020-04-27,0
SUR,2020-04-28,0
SUR,2020-04-29,0
SUR,2020-04-30,0
SUR,2020-05-01,0
SUR,2020-05-02,0
FJI,2020-04-19,0
FJI,2020-04-20,0
FJI,2020-04-21,0
FJI,2020-04-22,0
FJI,2020-04-23,0
FJI,2020-04-24,0
FJI,2020-04-25,0
FJI,2020-04-26,0
FJI,2020-04-27,0
FJI,2020-04-28,0
FJI,2020-04-29,0
FJI,2020-04-30,0
FJI,2020-05-01,0
FJI,2020-05-02,0
NAM,2020-04-19,0
NAM,2020-04-20,0
NAM,2020-04-21,0
NAM,2020-04-22,0
NAM,2020-04-23,0
NAM,2020-04-24,0
NAM,2020-04-25,0
NAM,2020-04-26,0
NAM,2020-04-27,0
NAM,2020-04-28,0
NAM,2020-04-29,0
NAM,2020-04-30,0
NAM,2020-05-01,0
NAM,2020-05-02,0
TGO,2020-04-19,0
TGO,2020-04-20,0
TGO,2020-04-21,0
TGO,2020-04-22,0
TGO,2020-04-23,0
TGO,2020-04-24,0
TGO,2020-04-25,0
TGO,2020-04-26,0
TGO,2020-04-27,0
TGO,2020-04-28,0
TGO,2020-04-29,0
TGO,2020-04-30,0
TGO,2020-05-01,0
TGO,2020-05-02,0
DJI,2020-04-19,0
DJI,2020-04-20,0
DJI,2020-04-21,0
DJI,2020-04-22,0
DJI,2020-04-23,0
DJI,2020-04-24,0
DJI,2020-04-25,0
DJI,2020-04-26,0
DJI,2020-04-27,0
DJI,2020-04-28,0
DJI,2020-04-29,0
DJI,2020-04-30,0
DJI,2020-05-01,0
DJI,2020-05-02,0
UZB,2020-04-19,0
UZB,2020-04-20,0
UZB,2020-04-21,0
UZB,2020-04-22,0
UZB,2020-04-23,0
UZB,2020-04-24,0
UZB,2020-04-25,0
UZB,2020-04-26,0
UZB,2020-04-27,0
UZB,2020-04-28,0
UZB,2020-04-29,0
UZB,2020-04-30,0
UZB,2020-05-01,0
UZB,2020-05-02,0
LIE,2020-04-19,0
LIE,2020-04-20,0
LIE,2020-04-21,0
LIE,2020-04-22,0
LIE,2020-04-23,0
LIE,2020-04-24,0
LIE,2020-04-25,0
LIE,2020-04-26,0
LIE,2020-04-27,0
LIE,2020-04-28,0
LIE,2020-04-29,0
LIE,2020-04-30,0
LIE,2020-05-01,0
LIE,2020-05-02,0
MRT,2020-04-19,0
MRT,2020-04-20,0
MRT,2020-04-21,0
MRT,2020-04-22,0
MRT,2020-04-23,0
MRT,2020-04-24,0
MRT,2020-04-25,0
MRT,2020-04-26,0
MRT,2020-04-27,0
MRT,2020-04-28,0
MRT,2020-04-29,0
MRT,2020-04-30,0
MRT,2020-05-01,0
MRT,2020-05-02,0
KHM,2020-04-19,0
KHM,2020-04-20,0
KHM,2020-04-21,0
KHM,2020-04-22,0
KHM,2020-04-23,0
KHM,2020-04-24,0
KHM,2020-04-25,0
KHM,2020-04-26,0
KHM,2020-04-27,0
KHM,2020-04-28,0
KHM,2020-04-29,0
KHM,2020-04-30,0
KHM,2020-05-01,0
KHM,2020-05-02,0
COG,2020-04-19,0
COG,2020-04-20,0
COG,2020-04-21,0
COG,2020-04-22,0
COG,2020-04-23,0
COG,2020-04-24,0
COG,2020-04-25,0
COG,2020-04-26,0
COG,2020-04-27,0
COG,2020-04-28,0
COG,2020-04-29,0
COG,2020-04-30,0
COG,2020-05-01,0
COG,2020-05-02,0
TLS,2020-04-19,0
TLS,2020-04-20,0
TLS,2020-04-21,0
TLS,2020-04-22,0
TLS,2020-04-23,0
TLS,2020-04-24,0
TLS,2020-04-25,0
TLS,2020-04-26,0
TLS,2020-04-27,0
TLS,2020-04-28,0
TLS,2020-04-29,0
TLS,2020-04-30,0
TLS,2020-05-01,0
TLS,2020-05-02,0
GIN,2020-04-19,0
GIN,2020-04-20,0
GIN,2020-04-21,0
GIN,2020-04-22,0
GIN,2020-04-23,0
GIN,2020-04-24,0
GIN,2020-04-25,0
GIN,2020-04-26,0
GIN,2020-04-27,0
GIN,2020-04-28,0
GIN,2020-04-29,0
GIN,2020-04-30,0
GIN,2020-05-01,0
GIN,2020-05-02,0
SYC,2020-04-19,0
SYC,2020-04-20,0
SYC,2020-04-21,0
SYC,2020-04-22,0
SYC,2020-04-23,0
SYC,2020-04-24,0
SYC,2020-04-25,0
SYC,2020-04-26,0
SYC,2020-04-27,0
SYC,2020-04-28,0
SYC,2020-04-29,0
SYC,2020-04-30,0
SYC,2020-05-01,0
SYC,2020-05-02,0
TCD,2020-04-19,0
TCD,2020-04-20,0
TCD,2020-04-21,0
TCD,2020-04-22,0
TCD,2020-04-23,0
TCD,2020-04-24,0
TCD,2020-04-25,0
TCD,2020-04-26,0
TCD,2020-04-27,0
TCD,2020-04-28,0
TCD,2020-04-29,0
TCD,2020-04-30,0
TCD,2020-05-01,0
TCD,2020-05-02,0
JOR,2020-04-19,0
JOR,2020-04-20,0
JOR,2020-04-21,0
JOR,2020-04-22,0
JOR,2020-04-23,0
JOR,2020-04-24,0
JOR,2020-04-25,0
JOR,2020-04-26,0
JOR,2020-04-27,0
JOR,2020-04-28,0
JOR,2020-04-29,0
JOR,2020-04-30,0
JOR,2020-05-01,0
JOR,2020-05-02,0
IMN,2020-04-19,0
IMN,2020-04-20,0
IMN,2020-04-21,0
IMN,2020-04-22,0
IMN,2020-04-23,0
IMN,2020-04-24,0
IMN,2020-04-25,0
IMN,2020-04-26,0
IMN,2020-04-27,0
IMN,2020-04-28,0
IMN,2020-04-29,0
IMN,2020-04-30,0
IMN,2020-05-01,0
IMN,2020-05-02,0
OMN,2020-04-19,0
OMN,2020-04-20,0
OMN,2020-04-21,0
OMN,2020-04-22,0
OMN,2020-04-23,0
OMN,2020-04-24,0
OMN,2020-04-25,0
OMN,2020-04-26,0
OMN,2020-04-27,0
OMN,2020-04-28,0
OMN,2020-04-29,0
OMN,2020-04-30,0
OMN,2020-05-01,0
OMN,2020-05-02,0
MMR,2020-04-19,0
MMR,2020-04-20,0
MMR,2020-04-21,0
MMR,2020-04-22,0
MMR,2020-04-23,0
MMR,2020-04-24,0
MMR,2020-04-25,0
MMR,2020-04-26,0
MMR,2020-04-27,0
MMR,2020-04-28,0
MMR,2020-04-29,0
MMR,2020-04-30,0
MMR,2020-05-01,0
MMR,2020-05-02,0
RWA,2020-04-19,0
RWA,2020-04-20,0
RWA,2020-04-21,0
RWA,2020-04-22,0
RWA,2020-04-23,0
RWA,2020-04-24,0
RWA,2020-04-25,0
RWA,2020-04-26,0
RWA,2020-04-27,0
RWA,2020-04-28,0
RWA,2020-04-29,0
RWA,2020-04-30,0
RWA,2020-05-01,0
RWA,2020-05-02,0
LAO,2020-04-19,0
LAO,2020-04-20,0
LAO,2020-04-21,0
LAO,2020-04-22,0
LAO,2020-04-23,0
LAO,2020-04-24,0
LAO,2020-04-25,0
LAO,2020-04-26,0
LAO,2020-04-27,0
LAO,2020-04-28,0
LAO,2020-04-29,0
LAO,2020-04-30,0
LAO,2020-05-01,0
LAO,2020-05-02,0
PRY,2020-04-19,0
PRY,2020-04-20,0
PRY,2020-04-21,0
PRY,2020-04-22,0
PRY,2020-04-23,0
PRY,2020-04-24,0
PRY,2020-04-25,0
PRY,2020-04-26,0
PRY,2020-04-27,0
PRY,2020-04-28,0
PRY,2020-04-29,0
PRY,2020-04-30,0
PRY,2020-05-01,0
PRY,2020-05-02,0
PNG,2020-04-19,0
PNG,2020-04-20,0
PNG,2020-04-21,0
PNG,2020-04-22,0
PNG,2020-04-23,0
PNG,2020-04-24,0
PNG,2020-04-25,0
PNG,2020-04-26,0
PNG,2020-04-27,0
PNG,2020-04-28,0
PNG,2020-04-29,0
PNG,2020-04-30,0
PNG,2020-05-01,0
PNG,2020-05-02,0
SWZ,2020-04-19,0
SWZ,2020-04-20,0
SWZ,2020-04-21,0
SWZ,2020-04-22,0
SWZ,2020-04-23,0
SWZ,2020-04-24,0
SWZ,2020-04-25,0
SWZ,2020-04-26,0
SWZ,2020-04-27,0
SWZ,2020-04-28,0
SWZ,2020-04-29,0
SWZ,2020-04-30,0
SWZ,2020-05-01,0
SWZ,2020-05-02,0
TWN,2020-04-19,0
TWN,2020-04-20,0
TWN,2020-04-21,0
TWN,2020-04-22,0
TWN,2020-04-23,0
TWN,2020-04-24,0
TWN,2020-04-25,0
TWN,2020-04-26,0
TWN,2020-04-27,0
TWN,2020-04-28,0
TWN,2020-04-29,0
TWN,2020-04-30,0
TWN,2020-05-01,0
TWN,2020-05-02,0
ETH,2020-04-19,0
ETH,2020-04-20,0
ETH,2020-04-21,0
ETH,2020-04-22,0
ETH,2020-04-23,0
ETH,2020-04-24,0
ETH,2020-04-25,0
ETH,2020-04-26,0
ETH,2020-04-27,0
ETH,2020-04-28,0
ETH,2020-04-29,0
ETH,2020-04-30,0
ETH,2020-05-01,0
ETH,2020-05-02,0
CUW,2020-04-19,0
CUW,2020-04-20,0
CUW,2020-04-21,0
CUW,2020-04-22,0
CUW,2020-04-23,0
CUW,2020-04-24,0
CUW,2020-04-25,0
CUW,2020-04-26,0
CUW,2020-04-27,0
CUW,2020-04-28,0
CUW,2020-04-29,0
CUW,2020-04-30,0
CUW,2020-05-01,0
CUW,2020-05-02,0
GTM,2020-04-19,0
GTM,2020-04-20,0
GTM,2020-04-21,0
GTM,2020-04-22,0
GTM,2020-04-23,0
GTM,2020-04-24,0
GTM,2020-04-25,0
GTM,2020-04-26,0
GTM,2020-04-27,0
GTM,2020-04-28,0
GTM,2020-04-29,0
GTM,2020-04-30,0
GTM,2020-05-01,0
GTM,2020-05-02,0
GAB,2020-04-19,0
GAB,2020-04-20,0
GAB,2020-04-21,0
GAB,2020-04-22,0
GAB,2020-04-23,0
GAB,2020-04-24,0
GAB,2020-04-25,0
GAB,2020-04-26,0
GAB,2020-04-27,0
GAB,2020-04-28,0
GAB,2020-04-29,0
GAB,2020-04-30,0
GAB,2020-05-01,0
GAB,2020-05-02,0
GNQ,2020-04-19,0
GNQ,2020-04-20,0
GNQ,2020-04-21,0
GNQ,2020-04-22,0
GNQ,2020-04-23,0
GNQ,2020-04-24,0
GNQ,2020-04-25,0
GNQ,2020-04-26,0
GNQ,2020-04-27,0
GNQ,2020-04-28,0
GNQ,2020-04-29,0
GNQ,2020-04-30,0
GNQ,2020-05-01,0
GNQ,2020-05-02,0
GUM,2020-04-19,0
GUM,2020-04-20,0
GUM,2020-04-21,0
GUM,2020-04-22,0
GUM,2020-04-23,0
GUM,2020-04-24,0
GUM,2020-04-25,0
GUM,2020-04-26,0
GUM,2020-04-27,0
GUM,2020-04-28,0
GUM,2020-04-29,0
GUM,2020-04-30,0
GUM,2020-05-01,0
GUM,2020-05-02,0
GEO,2020-04-19,0
GEO,2020-04-20,0
GEO,2020-04-21,0
GEO,2020-04-22,0
GEO,2020-04-23,0
GEO,2020-04-24,0
GEO,2020-04-25,0
GEO,2020-04-26,0
GEO,2020-04-27,0
GEO,2020-04-28,0
GEO,2020-04-29,0
GEO,2020-04-30,0
GEO,2020-05-01,0
GEO,2020-05-02,0
MDG,2020-04-19,0
MDG,2020-04-20,0
MDG,2020-04-21,0
MDG,2020-04-22,0
MDG,2020-04-23,0
MDG,2020-04-24,0
MDG,2020-04-25,0
MDG,2020-04-26,0
MDG,2020-04-27,0
MDG,2020-04-28,0
MDG,2020-04-29,0
MDG,2020-04-30,0
MDG,2020-05-01,0
MDG,2020-05-02,0
MNE,2020-04-19,0
MNE,2020-04-20,0
MNE,2020-04-21,0
MNE,2020-04-22,0
MNE,2020-04-23,0
MNE,2020-04-24,0
MNE,2020-04-25,0
MNE,2020-04-26,0
MNE,2020-04-27,0
MNE,2020-04-28,0
MNE,2020-04-29,0
MNE,2020-04-30,0
MNE,2020-05-01,0
MNE,2020-05-02,0
VCT,2020-04-19,0
VCT,2020-04-20,0
VCT,2020-04-21,0
VCT,2020-04-22,0
VCT,2020-04-23,0
VCT,2020-04-24,0
VCT,2020-04-25,0
VCT,2020-04-26,0
VCT,2020-04-27,0
VCT,2020-04-28,0
VCT,2020-04-29,0
VCT,2020-04-30,0
VCT,2020-05-01,0
VCT,2020-05-02,0
MWI,2020-04-19,0
MWI,2020-04-20,0
MWI,2020-04-21,0
MWI,2020-04-22,0
MWI,2020-04-23,0
MWI,2020-04-24,0
MWI,2020-04-25,0
MWI,2020-04-26,0
MWI,2020-04-27,0
MWI,2020-04-28,0
MWI,2020-04-29,0
MWI,2020-04-30,0
MWI,2020-05-01,0
MWI,2020-05-02,0
BRB,2020-04-19,0
BRB,2020-04-20,0
BRB,2020-04-21,0
BRB,2020-04-22,0
BRB,2020-04-23,0
BRB,2020-04-24,0
BRB,2020-04-25,0
BRB,2020-04-26,0
BRB,2020-04-27,0
BRB,2020-04-28,0
BRB,2020-04-29,0
BRB,2020-04-30,0
BRB,2020-05-01,0
BRB,2020-05-02,0
GIB,2020-04-19,0
GIB,2020-04-20,0
GIB,2020-04-21,0
GIB,2020-04-22,0
GIB,2020-04-23,0
GIB,2020-04-24,0
GIB,2020-04-25,0
GIB,2020-04-26,0
GIB,2020-04-27,0
GIB,2020-04-28,0
GIB,2020-04-29,0
GIB,2020-04-30,0
GIB,2020-05-01,0
GIB,2020-05-02,0
SLV,2020-04-19,0
SLV,2020-04-20,0
SLV,2020-04-21,0
SLV,2020-04-22,0
SLV,2020-04-23,0
SLV,2020-04-24,0
SLV,2020-04-25,0
SLV,2020-04-26,0
SLV,2020-04-27,0
SLV,2020-04-28,0
SLV,2020-04-29,0
SLV,2020-04-30,0
SLV,2020-05-01,0
SLV,2020-05-02,0
LBR,2020-04-19,0
LBR,2020-04-20,0
LBR,2020-04-21,0
LBR,2020-04-22,0
LBR,2020-04-23,0
LBR,2020-04-24,0
LBR,2020-04-25,0
LBR,2020-04-26,0
LBR,2020-04-27,0
LBR,2020-04-28,0
LBR,2020-04-29,0
LBR,2020-04-30,0
LBR,2020-05-01,0
LBR,2020-05-02,0
NCL,2020-04-19,0
NCL,2020-04-20,0
NCL,2020-04-21,0
NCL,2020-04-22,0
NCL,2020-04-23,0
NCL,2020-04-24,0
NCL,2020-04-25,0
NCL,2020-04-26,0
NCL,2020-04-27,0
NCL,2020-04-28,0
NCL,2020-04-29,0
NCL,2020-04-30,0
NCL,2020-05-01,0
NCL,2020-05-02,0
