Deaths,Country,Date,Cases
0,ABW,2020-04-19,0
3,AFG,2020-04-19,74
0,AGO,2020-04-19,2
0,ALB,2020-04-19,0
0,AND,2020-04-19,2
5,ARE,2020-04-19,698
7,ARG,2020-04-19,42
1,ARM,2020-04-19,0
0,ATG,2020-04-19,2
6,AUS,2020-04-19,39
13,AUT,2020-04-19,21
1,AZE,2020-04-19,85
0,BDI,2020-04-19,0
380,BEL,2020-04-19,721
0,BEN,2020-04-19,3
0,BFA,2020-04-19,24
5,BGD,2020-04-19,453
1,BGR,2020-04-19,0
0,BHR,2020-04-19,160
0,BHS,2020-04-19,2
0,BIH,2020-04-19,15
3,BLR,2020-04-19,420
0,BLZ,2020-04-19,4
0,BMU,2020-04-19,1
2,BOL,2020-04-19,35
163,BRA,2020-04-19,1459
0,BRB,2020-04-19,3
0,BRN,2020-04-19,3
0,BTN,2020-04-19,0
0,BWA,2020-04-19,1
0,CAF,2020-04-19,0
131,CAN,2020-04-19,383
3,CHE,2020-04-19,426
4,CHL,2020-04-19,237
0,CHN,2020-04-19,0
0,CIV,2020-04-19,50
0,CMR,2020-04-19,0
0,COD,2020-04-19,0
0,COG,2020-04-19,0
14,COL,2020-04-19,199
0,CPV,2020-04-19,10
0,CRI,2020-04-19,14
2,CUB,2020-04-19,63
0,CUW,2020-04-19,0
0,CYM,2020-04-19,0
0,CYP,2020-04-19,48
11,CZE,2020-04-19,170
136,DEU,2020-04-19,1818
0,DJI,2020-04-19,125
0,DMA,2020-04-19,0
8,DNK,2020-04-19,549
18,DOM,2020-04-19,41
14,DZA,2020-04-19,0
18,ECU,2020-04-19,872
22,EGY,2020-04-19,275
0,ERI,2020-04-19,1
244,ESP,2020-04-19,0
0,EST,2020-04-19,50
0,ETH,2020-04-19,7
4,FIN,2020-04-19,178
0,FJI,2020-04-19,1
696,FRA,2020-04-19,4260
0,FRO,2020-04-19,3
0,GAB,2020-04-19,13
765,GBR,2020-04-19,6123
0,GEO,2020-04-19,13
0,GGY,2020-04-19,11
0,GHA,2020-04-19,105
0,GIB,2020-04-19,4
0,GIN,2020-04-19,42
0,GMB,2020-04-19,0
0,GNB,2020-04-19,0
0,GNQ,2020-04-19,13
5,GRC,2020-04-19,133
0,GRD,2020-04-19,0
0,GRL,2020-04-19,0
0,GTM,2020-04-19,25
0,GUM,2020-04-19,9
0,GUY,2020-04-19,1
5,HND,2020-04-19,0
2,HRV,2020-04-19,20
0,HTI,2020-04-19,2
18,HUN,2020-04-19,135
44,IDN,2020-04-19,340
0,IMN,2020-04-19,10
47,IND,2020-04-19,1437
23,IRL,2020-04-19,1331
57,IRN,2020-04-19,4431
3,IRQ,2020-04-19,101
0,ISL,2020-04-19,74
6,ISR,2020-04-19,244
53,ITA,2020-04-19,0
0,JAM,2020-04-19,21
1,JEY,2020-04-19,13
0,JOR,2020-04-19,0
0,JPN,2020-04-19,953
2,KAZ,2020-04-19,87
0,KEN,2020-04-19,0
0,KGZ,2020-04-19,44
0,KHM,2020-04-19,0
0,KNA,2020-04-19,0
6,KOR,2020-04-19,0
0,KWT,2020-04-19,233
0,LAO,2020-04-19,2
2,LBN,2020-04-19,0
0,LBR,2020-04-19,4
0,LBY,2020-04-19,6
0,LCA,2020-04-19,0
0,LIE,2020-04-19,0
0,LKA,2020-04-19,0
2,LTU,2020-04-19,0
6,LUX,2020-04-19,0
0,LVA,2020-04-19,13
7,MAR,2020-04-19,0
0,MCO,2020-04-19,6
2,MDA,2020-04-19,152
0,MDG,2020-04-19,1
0,MDV,2020-04-19,0
57,MEX,2020-04-19,519
2,MKD,2020-04-19,35
1,MLI,2020-04-19,20
0,MLT,2020-04-19,29
0,MMR,2020-04-19,14
0,MNE,2020-04-19,8
0,MNG,2020-04-19,3
0,MNP,2020-04-19,0
0,MOZ,2020-04-19,4
0,MRT,2020-04-19,0
0,MSR,2020-04-19,1
0,MUS,2020-04-19,26
0,MWI,2020-04-19,1
0,MYS,2020-04-19,110
0,NAM,2020-04-19,1
0,NCL,2020-04-19,0
0,NER,2020-04-19,17
0,NGA,2020-04-19,0
0,NIC,2020-04-19,2
17,NLD,2020-04-19,521
15,NOR,2020-04-19,228
0,NPL,2020-04-19,4
1,NZL,2020-04-19,11
0,OMN,2020-04-19,166
11,PAK,2020-04-19,274
2,PAN,2020-04-19,169
17,PER,2020-04-19,2178
37,PHL,2020-04-19,0
0,PNG,2020-04-19,0
21,POL,2020-04-19,306
3,PRI,2020-04-19,34
21,PRT,2020-04-19,604
0,PRY,2020-04-19,0
0,PSE,2020-04-19,28
0,PYF,2020-04-19,0
0,QAT,2020-04-19,387
24,ROU,2020-04-19,271
37,RUS,2020-04-19,4546
0,RWA,2020-04-19,0
4,SAU,2020-04-19,420
0,SDN,2020-04-19,7
0,SEN,2020-04-19,0
0,SGP,2020-04-19,673
0,SLE,2020-04-19,4
0,SLV,2020-04-19,8
0,SMR,2020-04-19,0
0,SOM,2020-04-19,20
0,SRB,2020-04-19,268
0,SSD,2020-04-19,0
0,STP,2020-04-19,0
0,SUR,2020-04-19,0
0,SVK,2020-04-19,0
3,SVN,2020-04-19,13
49,SWE,2020-04-19,671
0,SWZ,2020-04-19,0
0,SXM,2020-04-19,2
0,SYC,2020-04-19,0
0,SYR,2020-04-19,0
0,TCA,2020-04-19,0
0,TCD,2020-04-19,5
0,TGO,2020-04-19,6
3,THA,2020-04-19,73
0,TLS,2020-04-19,3
0,TTO,2020-04-19,0
3,TUN,2020-04-19,0
80,TUR,2020-04-19,4697
0,TWN,2020-04-19,17
0,TZA,2020-04-19,25
0,UGA,2020-04-19,0
14,UKR,2020-04-19,482
0,URY,2020-04-19,0
2209,USA,2020-04-19,20596
0,UZB,2020-04-19,238
0,VAT,2020-04-19,0
0,VCT,2020-04-19,1
0,VEN,2020-04-19,0
0,VGB,2020-04-19,0
0,VIR,2020-04-19,3
0,VNM,2020-04-19,8
0,XKX,2020-04-19,68
0,YEM,2020-04-19,0
4,ZAF,2020-04-19,0
0,ZMB,2020-04-19,0
0,ZWE,2020-04-19,3
0,ABW,2020-04-20,1
3,AFG,2020-04-20,56
0,AGO,2020-04-20,0
0,ALB,2020-04-20,12
1,AND,2020-04-20,7
4,ARE,2020-04-20,416
6,ARG,2020-04-20,70
2,ARM,2020-04-20,25
0,ATG,2020-04-20,0
2,AUS,2020-04-20,21
14,AUT,2020-04-20,75
1,AZE,2020-04-20,51
0,BDI,2020-04-20,0
341,BEL,2020-04-20,1096
0,BEN,2020-04-20,1
1,BFA,2020-04-20,13
5,BGD,2020-04-20,497
2,BGR,2020-04-20,16
0,BHR,2020-04-20,160
0,BHS,2020-04-20,2
0,BIH,2020-04-20,31
3,BLR,2020-04-20,482
0,BLZ,2020-04-20,1
0,BMU,2020-04-20,4
1,BOL,2020-04-20,37
209,BRA,2020-04-20,2372
0,BRB,2020-04-20,1
0,BRN,2020-04-20,0
0,BTN,2020-04-20,0
0,BWA,2020-04-20,0
0,CAF,2020-04-20,0
154,CAN,2020-04-20,1100
27,CHE,2020-04-20,286
7,CHL,2020-04-20,353
1,CHN,2020-04-20,0
0,CIV,2020-04-20,42
1,CMR,2020-04-20,5
0,COD,2020-04-20,9
0,COG,2020-04-20,15
11,COL,2020-04-20,156
0,CPV,2020-04-20,10
0,CRI,2020-04-20,10
3,CUB,2020-04-20,57
0,CUW,2020-04-20,0
0,CYM,2020-04-20,1
1,CYP,2020-04-20,22
6,CZE,2020-04-20,99
219,DEU,2020-04-20,2138
0,DJI,2020-04-20,125
0,DMA,2020-04-20,0
10,DNK,2020-04-20,257
9,DOM,2020-04-20,195
11,DZA,2020-04-20,65
16,ECU,2020-04-20,425
14,EGY,2020-04-20,221
0,ERI,2020-04-20,0
333,ESP,2020-04-20,2690
1,EST,2020-04-20,26
0,ETH,2020-04-20,5
5,FIN,2020-04-20,120
0,FJI,2020-04-20,0
697,FRA,2020-04-20,2383
0,FRO,2020-04-20,0
0,GAB,2020-04-20,13
739,GBR,2020-04-20,5265
0,GEO,2020-04-20,23
0,GGY,2020-04-20,3
0,GHA,2020-04-20,48
0,GIB,2020-04-20,1
0,GIN,2020-04-20,43
0,GMB,2020-04-20,0
0,GNB,2020-04-20,0
0,GNQ,2020-04-20,13
2,GRC,2020-04-20,35
0,GRD,2020-04-20,0
0,GRL,2020-04-20,0
0,GTM,2020-04-20,23
0,GUM,2020-04-20,2
0,GUY,2020-04-20,3
5,HND,2020-04-20,6
2,HRV,2020-04-20,31
0,HTI,2020-04-20,2
17,HUN,2020-04-20,100
38,IDN,2020-04-20,394
0,IMN,2020-04-20,10
41,IND,2020-04-20,1252
36,IRL,2020-04-20,1123
79,IRN,2020-04-20,1920
1,IRQ,2020-04-20,40
0,ISL,2020-04-20,16
8,ISR,2020-04-20,244
364,ITA,2020-04-20,2249
0,JAM,2020-04-20,21
1,JEY,2020-04-20,4
0,JOR,2020-04-20,2
8,JPN,2020-04-20,953
1,KAZ,2020-04-20,121
1,KEN,2020-04-20,4
0,KGZ,2020-04-20,25
0,KHM,2020-04-20,0
0,KNA,2020-04-20,0
4,KOR,2020-04-20,2
0,KWT,2020-04-20,169
0,LAO,2020-04-20,0
0,LBN,2020-04-20,6
0,LBR,2020-04-20,5
0,LBY,2020-04-20,5
0,LCA,2020-04-20,0
0,LIE,2020-04-20,0
0,LKA,2020-04-20,4
3,LTU,2020-04-20,16
2,LUX,2020-04-20,20
0,LVA,2020-04-20,7
3,MAR,2020-04-20,145
0,MCO,2020-04-20,1
4,MDA,2020-04-20,124
0,MDG,2020-04-20,2
0,MDV,2020-04-20,0
58,MEX,2020-04-20,545
2,MKD,2020-04-20,57
1,MLI,2020-04-20,22
0,MLT,2020-04-20,15
0,MMR,2020-04-20,14
0,MNE,2020-04-20,4
0,MNG,2020-04-20,3
0,MNP,2020-04-20,0
0,MOZ,2020-04-20,3
0,MRT,2020-04-20,0
0,MSR,2020-04-20,0
0,MUS,2020-04-20,4
0,MWI,2020-04-20,1
1,MYS,2020-04-20,96
0,NAM,2020-04-20,0
0,NCL,2020-04-20,0
0,NER,2020-04-20,11
1,NGA,2020-04-20,18
0,NIC,2020-04-20,1
97,NLD,2020-04-20,833
7,NOR,2020-04-20,73
0,NPL,2020-04-20,4
1,NZL,2020-04-20,4
0,OMN,2020-04-20,133
11,PAK,2020-04-20,404
5,PAN,2020-04-20,174
22,PER,2020-04-20,1844
28,PHL,2020-04-20,134
0,PNG,2020-04-20,0
21,POL,2020-04-20,324
3,PRI,2020-04-20,34
26,PRT,2020-04-20,444
0,PRY,2020-04-20,7
0,PSE,2020-04-20,9
0,PYF,2020-04-20,1
0,QAT,2020-04-20,482
18,ROU,2020-04-20,325
47,RUS,2020-04-20,5123
0,RWA,2020-04-20,1
5,SAU,2020-04-20,648
0,SDN,2020-04-20,4
0,SEN,2020-04-20,6
0,SGP,2020-04-20,673
0,SLE,2020-04-20,4
0,SLV,2020-04-20,8
0,SMR,2020-04-20,8
0,SOM,2020-04-20,20
2,SRB,2020-04-20,424
0,SSD,2020-04-20,0
0,STP,2020-04-20,0
0,SUR,2020-04-20,0
0,SVK,2020-04-20,42
2,SVN,2020-04-20,17
82,SWE,2020-04-20,596
0,SWZ,2020-04-20,0
0,SXM,2020-04-20,0
0,SYC,2020-04-20,0
0,SYR,2020-04-20,1
0,TCA,2020-04-20,1
0,TCD,2020-04-20,5
0,TGO,2020-04-20,2
1,THA,2020-04-20,22
0,TLS,2020-04-20,3
0,TTO,2020-04-20,0
1,TUN,2020-04-20,14
104,TUR,2020-04-20,4422
0,TWN,2020-04-20,2
0,TZA,2020-04-20,25
0,UGA,2020-04-20,0
12,UKR,2020-04-20,623
0,URY,2020-04-20,6
3187,USA,2020-04-20,24313
0,UZB,2020-04-20,176
0,VAT,2020-04-20,0
0,VCT,2020-04-20,0
0,VEN,2020-04-20,2
0,VGB,2020-04-20,0
0,VIR,2020-04-20,0
0,VNM,2020-04-20,2
1,XKX,2020-04-20,52
0,YEM,2020-04-20,0
6,ZAF,2020-04-20,40
0,ZMB,2020-04-20,0
0,ZWE,2020-04-20,3
0,ABW,2020-04-21,1
3,AFG,2020-04-21,56
0,AGO,2020-04-21,0
0,ALB,2020-04-21,12
0,AND,2020-04-21,7
4,ARE,2020-04-21,414
6,ARG,2020-04-21,67
1,ARM,2020-04-21,24
0,ATG,2020-04-21,1
2,AUS,2020-04-21,17
13,AUT,2020-04-21,67
0,AZE,2020-04-21,49
0,BDI,2020-04-21,0
338,BEL,2020-04-21,1053
0,BEN,2020-04-21,1
1,BFA,2020-04-21,11
5,BGD,2020-04-21,590
2,BGR,2020-04-21,16
0,BHR,2020-04-21,160
0,BHS,2020-04-21,1
1,BIH,2020-04-21,31
3,BLR,2020-04-21,483
0,BLZ,2020-04-21,2
0,BMU,2020-04-21,5
1,BOL,2020-04-21,38
217,BRA,2020-04-21,2428
0,BRB,2020-04-21,1
0,BRN,2020-04-21,0
0,BTN,2020-04-21,0
0,BWA,2020-04-21,0
0,CAF,2020-04-21,0
164,CAN,2020-04-21,1054
25,CHE,2020-04-21,263
7,CHL,2020-04-21,342
0,CHN,2020-04-21,1
0,CIV,2020-04-21,42
2,CMR,2020-04-21,5
1,COD,2020-04-21,9
0,COG,2020-04-21,17
11,COL,2020-04-21,154
0,CPV,2020-04-21,10
0,CRI,2020-04-21,10
3,CUB,2020-04-21,57
0,CUW,2020-04-21,0
0,CYM,2020-04-21,0
0,CYP,2020-04-21,20
6,CZE,2020-04-21,92
215,DEU,2020-04-21,1987
0,DJI,2020-04-21,125
0,DMA,2020-04-21,0
9,DNK,2020-04-21,254
10,DOM,2020-04-21,193
10,DZA,2020-04-21,62
14,ECU,2020-04-21,422
14,EGY,2020-04-21,232
0,ERI,2020-04-21,0
307,ESP,2020-04-21,2484
1,EST,2020-04-21,26
0,ETH,2020-04-21,6
6,FIN,2020-04-21,118
0,FJI,2020-04-21,1
662,FRA,2020-04-21,2256
0,FRO,2020-04-21,0
0,GAB,2020-04-21,13
712,GBR,2020-04-21,5185
0,GEO,2020-04-21,24
0,GGY,2020-04-21,4
0,GHA,2020-04-21,49
0,GIB,2020-04-21,0
0,GIN,2020-04-21,43
0,GMB,2020-04-21,0
0,GNB,2020-04-21,1
0,GNQ,2020-04-21,13
2,GRC,2020-04-21,34
0,GRD,2020-04-21,0
0,GRL,2020-04-21,0
0,GTM,2020-04-21,25
0,GUM,2020-04-21,1
0,GUY,2020-04-21,3
5,HND,2020-04-21,5
3,HRV,2020-04-21,29
0,HTI,2020-04-21,2
17,HUN,2020-04-21,99
39,IDN,2020-04-21,406
0,IMN,2020-04-21,10
41,IND,2020-04-21,1286
35,IRL,2020-04-21,1175
77,IRN,2020-04-21,1873
1,IRQ,2020-04-21,39
0,ISL,2020-04-21,14
7,ISR,2020-04-21,225
344,ITA,2020-04-21,2121
0,JAM,2020-04-21,21
1,JEY,2020-04-21,3
0,JOR,2020-04-21,2
8,JPN,2020-04-21,953
1,KAZ,2020-04-21,126
0,KEN,2020-04-21,4
0,KGZ,2020-04-21,24
0,KHM,2020-04-21,0
0,KNA,2020-04-21,1
3,KOR,2020-04-21,3
0,KWT,2020-04-21,184
0,LAO,2020-04-21,0
0,LBN,2020-04-21,5
0,LBR,2020-04-21,4
0,LBY,2020-04-21,6
0,LCA,2020-04-21,0
0,LIE,2020-04-21,1
0,LKA,2020-04-21,3
2,LTU,2020-04-21,15
3,LUX,2020-04-21,19
0,LVA,2020-04-21,6
3,MAR,2020-04-21,146
0,MCO,2020-04-21,1
3,MDA,2020-04-21,122
0,MDG,2020-04-21,1
0,MDV,2020-04-21,0
61,MEX,2020-04-21,565
2,MKD,2020-04-21,57
0,MLI,2020-04-21,23
0,MLT,2020-04-21,14
0,MMR,2020-04-21,14
0,MNE,2020-04-21,3
0,MNG,2020-04-21,3
0,MNP,2020-04-21,0
0,MOZ,2020-04-21,4
0,MRT,2020-04-21,0
0,MSR,2020-04-21,1
0,MUS,2020-04-21,4
0,MWI,2020-04-21,1
1,MYS,2020-04-21,92
0,NAM,2020-04-21,0
0,NCL,2020-04-21,0
1,NER,2020-04-21,10
2,NGA,2020-04-21,19
0,NIC,2020-04-21,1
91,NLD,2020-04-21,802
7,NOR,2020-04-21,67
0,NPL,2020-04-21,4
0,NZL,2020-04-21,4
0,OMN,2020-04-21,146
13,PAK,2020-04-21,408
5,PAN,2020-04-21,171
22,PER,2020-04-21,1995
30,PHL,2020-04-21,126
0,PNG,2020-04-21,0
20,POL,2020-04-21,315
2,PRI,2020-04-21,31
25,PRT,2020-04-21,417
0,PRY,2020-04-21,6
0,PSE,2020-04-21,10
0,PYF,2020-04-21,0
0,QAT,2020-04-21,527
18,ROU,2020-04-21,316
54,RUS,2020-04-21,5742
0,RWA,2020-04-21,2
4,SAU,2020-04-21,696
0,SDN,2020-04-21,4
0,SEN,2020-04-21,6
1,SGP,2020-04-21,673
0,SLE,2020-04-21,4
0,SLV,2020-04-21,8
0,SMR,2020-04-21,8
0,SOM,2020-04-21,20
3,SRB,2020-04-21,437
0,SSD,2020-04-21,0
0,STP,2020-04-21,0
0,SUR,2020-04-21,0
0,SVK,2020-04-21,43
3,SVN,2020-04-21,15
81,SWE,2020-04-21,599
0,SWZ,2020-04-21,1
0,SXM,2020-04-21,1
0,SYC,2020-04-21,0
0,SYR,2020-04-21,2
0,TCA,2020-04-21,0
0,TCD,2020-04-21,5
0,TGO,2020-04-21,2
1,THA,2020-04-21,20
0,TLS,2020-04-21,3
0,TTO,2020-04-21,0
1,TUN,2020-04-21,13
102,TUR,2020-04-21,4346
0,TWN,2020-04-21,2
0,TZA,2020-04-21,25
0,UGA,2020-04-21,0
13,UKR,2020-04-21,679
0,URY,2020-04-21,5
3286,USA,2020-04-21,23267
0,UZB,2020-04-21,189
0,VAT,2020-04-21,0
0,VCT,2020-04-21,0
0,VEN,2020-04-21,1
0,VGB,2020-04-21,0
0,VIR,2020-04-21,1
0,VNM,2020-04-21,2
1,XKX,2020-04-21,57
0,YEM,2020-04-21,0
7,ZAF,2020-04-21,36
0,ZMB,2020-04-21,0
0,ZWE,2020-04-21,3
0,ABW,2020-04-22,0
3,AFG,2020-04-22,57
0,AGO,2020-04-22,0
0,ALB,2020-04-22,11
0,AND,2020-04-22,7
5,ARE,2020-04-22,410
6,ARG,2020-04-22,65
1,ARM,2020-04-22,23
0,ATG,2020-04-22,0
3,AUS,2020-04-22,15
12,AUT,2020-04-22,59
1,AZE,2020-04-22,46
0,BDI,2020-04-22,0
335,BEL,2020-04-22,1009
0,BEN,2020-04-22,0
0,BFA,2020-04-22,12
5,BGD,2020-04-22,696
2,BGR,2020-04-22,15
0,BHR,2020-04-22,160
0,BHS,2020-04-22,1
0,BIH,2020-04-22,28
3,BLR,2020-04-22,480
0,BLZ,2020-04-22,1
0,BMU,2020-04-22,4
1,BOL,2020-04-22,39
226,BRA,2020-04-22,2480
0,BRB,2020-04-22,1
0,BRN,2020-04-22,0
0,BTN,2020-04-22,0
0,BWA,2020-04-22,1
0,CAF,2020-04-22,0
176,CAN,2020-04-22,1009
24,CHE,2020-04-22,241
6,CHL,2020-04-22,333
0,CHN,2020-04-22,0
0,CIV,2020-04-22,42
1,CMR,2020-04-22,3
0,COD,2020-04-22,9
0,COG,2020-04-22,18
10,COL,2020-04-22,152
0,CPV,2020-04-22,10
0,CRI,2020-04-22,9
3,CUB,2020-04-22,57
0,CUW,2020-04-22,0
0,CYM,2020-04-22,1
0,CYP,2020-04-22,20
6,CZE,2020-04-22,85
211,DEU,2020-04-22,1843
0,DJI,2020-04-22,125
0,DMA,2020-04-22,0
8,DNK,2020-04-22,251
9,DOM,2020-04-22,190
9,DZA,2020-04-22,58
15,ECU,2020-04-22,417
15,EGY,2020-04-22,243
0,ERI,2020-04-22,0
282,ESP,2020-04-22,2291
0,EST,2020-04-22,23
0,ETH,2020-04-22,6
5,FIN,2020-04-22,115
0,FJI,2020-04-22,0
627,FRA,2020-04-22,2135
0,FRO,2020-04-22,0
0,GAB,2020-04-22,13
683,GBR,2020-04-22,5093
0,GEO,2020-04-22,25
0,GGY,2020-04-22,2
0,GHA,2020-04-22,51
0,GIB,2020-04-22,1
0,GIN,2020-04-22,44
0,GMB,2020-04-22,0
0,GNB,2020-04-22,0
0,GNQ,2020-04-22,13
2,GRC,2020-04-22,31
0,GRD,2020-04-22,0
0,GRL,2020-04-22,0
0,GTM,2020-04-22,27
0,GUM,2020-04-22,1
0,GUY,2020-04-22,3
5,HND,2020-04-22,5
2,HRV,2020-04-22,27
0,HTI,2020-04-22,1
19,HUN,2020-04-22,101
40,IDN,2020-04-22,419
0,IMN,2020-04-22,9
41,IND,2020-04-22,1317
36,IRL,2020-04-22,1228
72,IRN,2020-04-22,1827
1,IRQ,2020-04-22,36
0,ISL,2020-04-22,13
8,ISR,2020-04-22,208
324,ITA,2020-04-22,1999
0,JAM,2020-04-22,21
1,JEY,2020-04-22,3
0,JOR,2020-04-22,2
8,JPN,2020-04-22,953
1,KAZ,2020-04-22,129
1,KEN,2020-04-22,3
0,KGZ,2020-04-22,24
0,KHM,2020-04-22,0
0,KNA,2020-04-22,0
3,KOR,2020-04-22,2
0,KWT,2020-04-22,198
0,LAO,2020-04-22,1
1,LBN,2020-04-22,4
0,LBR,2020-04-22,3
0,LBY,2020-04-22,6
0,LCA,2020-04-22,0
0,LIE,2020-04-22,0
0,LKA,2020-04-22,3
3,LTU,2020-04-22,13
2,LUX,2020-04-22,16
0,LVA,2020-04-22,6
3,MAR,2020-04-22,148
0,MCO,2020-04-22,1
4,MDA,2020-04-22,120
0,MDG,2020-04-22,2
0,MDV,2020-04-22,0
63,MEX,2020-04-22,584
1,MKD,2020-04-22,57
1,MLI,2020-04-22,24
0,MLT,2020-04-22,14
0,MMR,2020-04-22,14
0,MNE,2020-04-22,4
0,MNG,2020-04-22,3
0,MNP,2020-04-22,0
0,MOZ,2020-04-22,4
0,MRT,2020-04-22,0
0,MSR,2020-04-22,0
0,MUS,2020-04-22,4
0,MWI,2020-04-22,0
1,MYS,2020-04-22,87
0,NAM,2020-04-22,0
0,NCL,2020-04-22,0
0,NER,2020-04-22,8
1,NGA,2020-04-22,17
0,NIC,2020-04-22,1
86,NLD,2020-04-22,772
8,NOR,2020-04-22,63
0,NPL,2020-04-22,4
1,NZL,2020-04-22,3
0,OMN,2020-04-22,161
12,PAK,2020-04-22,412
5,PAN,2020-04-22,167
22,PER,2020-04-22,2151
30,PHL,2020-04-22,117
0,PNG,2020-04-22,0
20,POL,2020-04-22,305
3,PRI,2020-04-22,29
23,PRT,2020-04-22,390
0,PRY,2020-04-22,6
0,PSE,2020-04-22,9
0,PYF,2020-04-22,1
0,QAT,2020-04-22,577
16,ROU,2020-04-22,307
60,RUS,2020-04-22,6423
0,RWA,2020-04-22,1
5,SAU,2020-04-22,744
0,SDN,2020-04-22,4
0,SEN,2020-04-22,5
0,SGP,2020-04-22,673
0,SLE,2020-04-22,4
0,SLV,2020-04-22,7
0,SMR,2020-04-22,7
0,SOM,2020-04-22,20
2,SRB,2020-04-22,449
0,SSD,2020-04-22,0
0,STP,2020-04-22,0
0,SUR,2020-04-22,0
0,SVK,2020-04-22,43
2,SVN,2020-04-22,14
80,SWE,2020-04-22,601
0,SWZ,2020-04-22,0
0,SXM,2020-04-22,0
0,SYC,2020-04-22,0
0,SYR,2020-04-22,1
0,TCA,2020-04-22,0
0,TCD,2020-04-22,5
0,TGO,2020-04-22,1
1,THA,2020-04-22,17
0,TLS,2020-04-22,3
0,TTO,2020-04-22,0
2,TUN,2020-04-22,13
101,TUR,2020-04-22,4256
0,TWN,2020-04-22,2
0,TZA,2020-04-22,25
0,UGA,2020-04-22,0
13,UKR,2020-04-22,736
0,URY,2020-04-22,5
3376,USA,2020-04-22,22217
0,UZB,2020-04-22,202
0,VAT,2020-04-22,0
0,VCT,2020-04-22,0
0,VEN,2020-04-22,1
0,VGB,2020-04-22,0
0,VIR,2020-04-22,0
0,VNM,2020-04-22,1
1,XKX,2020-04-22,63
0,YEM,2020-04-22,0
8,ZAF,2020-04-22,34
0,ZMB,2020-04-22,0
0,ZWE,2020-04-22,3
0,ABW,2020-04-23,1
3,AFG,2020-04-23,56
0,AGO,2020-04-23,1
0,ALB,2020-04-23,10
1,AND,2020-04-23,5
5,ARE,2020-04-23,406
5,ARG,2020-04-23,60
1,ARM,2020-04-23,21
0,ATG,2020-04-23,1
2,AUS,2020-04-23,13
11,AUT,2020-04-23,52
1,AZE,2020-04-23,43
0,BDI,2020-04-23,0
329,BEL,2020-04-23,965
0,BEN,2020-04-23,1
1,BFA,2020-04-23,10
5,BGD,2020-04-23,819
2,BGR,2020-04-23,14
0,BHR,2020-04-23,160
0,BHS,2020-04-23,2
0,BIH,2020-04-23,27
2,BLR,2020-04-23,473
0,BLZ,2020-04-23,2
0,BMU,2020-04-23,5
1,BOL,2020-04-23,40
234,BRA,2020-04-23,2526
0,BRB,2020-04-23,1
0,BRN,2020-04-23,0
0,BTN,2020-04-23,0
0,BWA,2020-04-23,0
0,CAF,2020-04-23,0
185,CAN,2020-04-23,963
23,CHE,2020-04-23,221
6,CHL,2020-04-23,323
1,CHN,2020-04-23,0
0,CIV,2020-04-23,41
1,CMR,2020-04-23,3
0,COD,2020-04-23,8
0,COG,2020-04-23,21
11,COL,2020-04-23,148
0,CPV,2020-04-23,10
0,CRI,2020-04-23,8
4,CUB,2020-04-23,57
0,CUW,2020-04-23,0
0,CYM,2020-04-23,0
0,CYP,2020-04-23,19
4,CZE,2020-04-23,78
206,DEU,2020-04-23,1710
0,DJI,2020-04-23,125
0,DMA,2020-04-23,0
9,DNK,2020-04-23,249
9,DOM,2020-04-23,188
8,DZA,2020-04-23,54
13,ECU,2020-04-23,412
14,EGY,2020-04-23,255
0,ERI,2020-04-23,0
258,ESP,2020-04-23,2110
1,EST,2020-04-23,23
0,ETH,2020-04-23,6
5,FIN,2020-04-23,114
0,FJI,2020-04-23,0
593,FRA,2020-04-23,2016
0,FRO,2020-04-23,0
0,GAB,2020-04-23,13
654,GBR,2020-04-23,4992
0,GEO,2020-04-23,26
0,GGY,2020-04-23,3
0,GHA,2020-04-23,51
0,GIB,2020-04-23,1
0,GIN,2020-04-23,44
0,GMB,2020-04-23,0
0,GNB,2020-04-23,0
0,GNQ,2020-04-23,13
1,GRC,2020-04-23,30
0,GRD,2020-04-23,0
0,GRL,2020-04-23,0
0,GTM,2020-04-23,28
0,GUM,2020-04-23,2
0,GUY,2020-04-23,3
5,HND,2020-04-23,5
2,HRV,2020-04-23,24
0,HTI,2020-04-23,2
19,HUN,2020-04-23,100
41,IDN,2020-04-23,430
0,IMN,2020-04-23,8
41,IND,2020-04-23,1344
35,IRL,2020-04-23,1279
70,IRN,2020-04-23,1780
1,IRQ,2020-04-23,36
0,ISL,2020-04-23,12
6,ISR,2020-04-23,192
305,ITA,2020-04-23,1883
0,JAM,2020-04-23,21
1,JEY,2020-04-23,3
0,JOR,2020-04-23,1
8,JPN,2020-04-23,953
1,KAZ,2020-04-23,135
0,KEN,2020-04-23,3
0,KGZ,2020-04-23,24
0,KHM,2020-04-23,0
0,KNA,2020-04-23,0
2,KOR,2020-04-23,1
0,KWT,2020-04-23,215
0,LAO,2020-04-23,0
0,LBN,2020-04-23,4
0,LBR,2020-04-23,4
0,LBY,2020-04-23,6
0,LCA,2020-04-23,0
0,LIE,2020-04-23,0
0,LKA,2020-04-23,4
2,LTU,2020-04-23,12
2,LUX,2020-04-23,14
0,LVA,2020-04-23,5
2,MAR,2020-04-23,149
0,MCO,2020-04-23,1
3,MDA,2020-04-23,116
0,MDG,2020-04-23,1
0,MDV,2020-04-23,0
64,MEX,2020-04-23,602
2,MKD,2020-04-23,57
0,MLI,2020-04-23,26
0,MLT,2020-04-23,14
0,MMR,2020-04-23,14
0,MNE,2020-04-23,3
0,MNG,2020-04-23,3
0,MNP,2020-04-23,0
0,MOZ,2020-04-23,5
0,MRT,2020-04-23,0
0,MSR,2020-04-23,0
0,MUS,2020-04-23,3
0,MWI,2020-04-23,1
1,MYS,2020-04-23,82
0,NAM,2020-04-23,0
0,NCL,2020-04-23,0
0,NER,2020-04-23,6
2,NGA,2020-04-23,18
0,NIC,2020-04-23,1
80,NLD,2020-04-23,740
7,NOR,2020-04-23,58
0,NPL,2020-04-23,4
0,NZL,2020-04-23,3
0,OMN,2020-04-23,177
13,PAK,2020-04-23,414
4,PAN,2020-04-23,163
22,PER,2020-04-23,2312
32,PHL,2020-04-23,109
0,PNG,2020-04-23,0
20,POL,2020-04-23,296
2,PRI,2020-04-23,27
23,PRT,2020-04-23,365
0,PRY,2020-04-23,6
0,PSE,2020-04-23,10
0,PYF,2020-04-23,0
0,QAT,2020-04-23,630
16,ROU,2020-04-23,298
68,RUS,2020-04-23,7169
0,RWA,2020-04-23,2
4,SAU,2020-04-23,796
0,SDN,2020-04-23,5
0,SEN,2020-04-23,6
1,SGP,2020-04-23,673
0,SLE,2020-04-23,4
0,SLV,2020-04-23,7
0,SMR,2020-04-23,8
0,SOM,2020-04-23,20
3,SRB,2020-04-23,459
0,SSD,2020-04-23,0
0,STP,2020-04-23,0
0,SUR,2020-04-23,0
0,SVK,2020-04-23,43
2,SVN,2020-04-23,14
78,SWE,2020-04-23,602
0,SWZ,2020-04-23,0
0,SXM,2020-04-23,1
0,SYC,2020-04-23,0
0,SYR,2020-04-23,1
0,TCA,2020-04-23,0
0,TCD,2020-04-23,5
0,TGO,2020-04-23,2
1,THA,2020-04-23,16
0,TLS,2020-04-23,3
0,TTO,2020-04-23,1
1,TUN,2020-04-23,11
98,TUR,2020-04-23,4156
0,TWN,2020-04-23,2
0,TZA,2020-04-23,25
0,UGA,2020-04-23,0
14,UKR,2020-04-23,798
0,URY,2020-04-23,5
3458,USA,2020-04-23,21167
0,UZB,2020-04-23,216
0,VAT,2020-04-23,0
0,VCT,2020-04-23,0
0,VEN,2020-04-23,1
0,VGB,2020-04-23,0
0,VIR,2020-04-23,0
0,VNM,2020-04-23,1
1,XKX,2020-04-23,67
0,YEM,2020-04-23,0
8,ZAF,2020-04-23,32
0,ZMB,2020-04-23,0
0,ZWE,2020-04-23,3
0,ABW,2020-04-24,0
3,AFG,2020-04-24,57
0,AGO,2020-04-24,0
0,ALB,2020-04-24,10
0,AND,2020-04-24,6
5,ARE,2020-04-24,399
6,ARG,2020-04-24,58
2,ARM,2020-04-24,20
0,ATG,2020-04-24,0
2,AUS,2020-04-24,11
11,AUT,2020-04-24,47
1,AZE,2020-04-24,42
0,BDI,2020-04-24,0
323,BEL,2020-04-24,923
0,BEN,2020-04-24,0
1,BFA,2020-04-24,10
5,BGD,2020-04-24,958
2,BGR,2020-04-24,14
0,BHR,2020-04-24,160
0,BHS,2020-04-24,1
1,BIH,2020-04-24,25
2,BLR,2020-04-24,464
0,BLZ,2020-04-24,1
0,BMU,2020-04-24,4
1,BOL,2020-04-24,42
241,BRA,2020-04-24,2568
0,BRB,2020-04-24,1
0,BRN,2020-04-24,0
0,BTN,2020-04-24,0
0,BWA,2020-04-24,0
0,CAF,2020-04-24,1
197,CAN,2020-04-24,917
21,CHE,2020-04-24,202
6,CHL,2020-04-24,312
0,CHN,2020-04-24,0
0,CIV,2020-04-24,41
1,CMR,2020-04-24,2
0,COD,2020-04-24,8
0,COG,2020-04-24,22
10,COL,2020-04-24,145
0,CPV,2020-04-24,10
0,CRI,2020-04-24,8
4,CUB,2020-04-24,57
0,CUW,2020-04-24,0
0,CYM,2020-04-24,1
0,CYP,2020-04-24,18
5,CZE,2020-04-24,72
201,DEU,2020-04-24,1583
0,DJI,2020-04-24,125
0,DMA,2020-04-24,0
7,DNK,2020-04-24,246
8,DOM,2020-04-24,185
7,DZA,2020-04-24,51
13,ECU,2020-04-24,407
15,EGY,2020-04-24,267
0,ERI,2020-04-24,0
237,ESP,2020-04-24,1943
1,EST,2020-04-24,21
0,ETH,2020-04-24,6
6,FIN,2020-04-24,112
0,FJI,2020-04-24,0
558,FRA,2020-04-24,1901
0,FRO,2020-04-24,0
0,GAB,2020-04-24,13
623,GBR,2020-04-24,4881
0,GEO,2020-04-24,27
0,GGY,2020-04-24,2
0,GHA,2020-04-24,53
0,GIB,2020-04-24,0
0,GIN,2020-04-24,44
0,GMB,2020-04-24,0
0,GNB,2020-04-24,1
0,GNQ,2020-04-24,13
1,GRC,2020-04-24,27
0,GRD,2020-04-24,0
0,GRL,2020-04-24,0
0,GTM,2020-04-24,31
0,GUM,2020-04-24,1
0,GUY,2020-04-24,2
5,HND,2020-04-24,3
2,HRV,2020-04-24,23
0,HTI,2020-04-24,2
19,HUN,2020-04-24,101
43,IDN,2020-04-24,442
0,IMN,2020-04-24,8
40,IND,2020-04-24,1368
35,IRL,2020-04-24,1332
66,IRN,2020-04-24,1733
1,IRQ,2020-04-24,34
0,ISL,2020-04-24,11
7,ISR,2020-04-24,177
286,ITA,2020-04-24,1772
0,JAM,2020-04-24,21
1,JEY,2020-04-24,2
0,JOR,2020-04-24,2
9,JPN,2020-04-24,953
1,KAZ,2020-04-24,138
0,KEN,2020-04-24,2
0,KGZ,2020-04-24,22
0,KHM,2020-04-24,0
0,KNA,2020-04-24,0
3,KOR,2020-04-24,2
0,KWT,2020-04-24,233
0,LAO,2020-04-24,1
0,LBN,2020-04-24,4
0,LBR,2020-04-24,3
0,LBY,2020-04-24,7
0,LCA,2020-04-24,0
0,LIE,2020-04-24,0
0,LKA,2020-04-24,2
3,LTU,2020-04-24,11
3,LUX,2020-04-24,12
0,LVA,2020-04-24,5
2,MAR,2020-04-24,150
0,MCO,2020-04-24,1
4,MDA,2020-04-24,114
0,MDG,2020-04-24,1
0,MDV,2020-04-24,1
66,MEX,2020-04-24,620
1,MKD,2020-04-24,58
1,MLI,2020-04-24,28
0,MLT,2020-04-24,13
0,MMR,2020-04-24,14
0,MNE,2020-04-24,2
0,MNG,2020-04-24,3
0,MNP,2020-04-24,0
0,MOZ,2020-04-24,5
0,MRT,2020-04-24,0
0,MSR,2020-04-24,0
0,MUS,2020-04-24,2
0,MWI,2020-04-24,0
1,MYS,2020-04-24,79
0,NAM,2020-04-24,0
0,NCL,2020-04-24,0
0,NER,2020-04-24,5
2,NGA,2020-04-24,17
0,NIC,2020-04-24,1
76,NLD,2020-04-24,711
7,NOR,2020-04-24,54
0,NPL,2020-04-24,4
0,NZL,2020-04-24,2
0,OMN,2020-04-24,195
13,PAK,2020-04-24,416
4,PAN,2020-04-24,159
22,PER,2020-04-24,2476
32,PHL,2020-04-24,101
0,PNG,2020-04-24,0
19,POL,2020-04-24,286
2,PRI,2020-04-24,25
22,PRT,2020-04-24,341
0,PRY,2020-04-24,6
0,PSE,2020-04-24,8
0,PYF,2020-04-24,0
0,QAT,2020-04-24,690
15,ROU,2020-04-24,288
76,RUS,2020-04-24,7986
0,RWA,2020-04-24,1
4,SAU,2020-04-24,851
0,SDN,2020-04-24,5
0,SEN,2020-04-24,5
0,SGP,2020-04-24,673
0,SLE,2020-04-24,4
0,SLV,2020-04-24,7
1,SMR,2020-04-24,7
0,SOM,2020-04-24,20
2,SRB,2020-04-24,468
0,SSD,2020-04-24,0
0,STP,2020-04-24,0
0,SUR,2020-04-24,0
0,SVK,2020-04-24,43
2,SVN,2020-04-24,13
76,SWE,2020-04-24,602
0,SWZ,2020-04-24,0
0,SXM,2020-04-24,0
0,SYC,2020-04-24,0
0,SYR,2020-04-24,2
0,TCA,2020-04-24,1
0,TCD,2020-04-24,5
0,TGO,2020-04-24,2
1,THA,2020-04-24,14
0,TLS,2020-04-24,3
0,TTO,2020-04-24,0
1,TUN,2020-04-24,10
95,TUR,2020-04-24,4048
0,TWN,2020-04-24,1
0,TZA,2020-04-24,25
0,UGA,2020-04-24,0
14,UKR,2020-04-24,862
0,URY,2020-04-24,4
3531,USA,2020-04-24,20126
0,UZB,2020-04-24,231
0,VAT,2020-04-24,0
0,VCT,2020-04-24,0
0,VEN,2020-04-24,2
0,VGB,2020-04-24,0
0,VIR,2020-04-24,1
0,VNM,2020-04-24,2
1,XKX,2020-04-24,74
0,YEM,2020-04-24,0
9,ZAF,2020-04-24,29
0,ZMB,2020-04-24,0
0,ZWE,2020-04-24,3
0,ABW,2020-04-25,0
3,AFG,2020-04-25,57
0,AGO,2020-04-25,0
1,ALB,2020-04-25,10
0,AND,2020-04-25,4
5,ARE,2020-04-25,392
5,ARG,2020-04-25,55
1,ARM,2020-04-25,19
0,ATG,2020-04-25,1
2,AUS,2020-04-25,10
10,AUT,2020-04-25,40
0,AZE,2020-04-25,39
0,BDI,2020-04-25,0
315,BEL,2020-04-25,880
0,BEN,2020-04-25,1
1,BFA,2020-04-25,9
5,BGD,2020-04-25,1118
2,BGR,2020-04-25,13
0,BHR,2020-04-25,160
0,BHS,2020-04-25,1
0,BIH,2020-04-25,24
3,BLR,2020-04-25,454
0,BLZ,2020-04-25,2
0,BMU,2020-04-25,5
1,BOL,2020-04-25,42
248,BRA,2020-04-25,2604
0,BRB,2020-04-25,0
0,BRN,2020-04-25,0
0,BTN,2020-04-25,0
0,BWA,2020-04-25,0
0,CAF,2020-04-25,0
207,CAN,2020-04-25,873
20,CHE,2020-04-25,185
6,CHL,2020-04-25,301
0,CHN,2020-04-25,1
0,CIV,2020-04-25,41
2,CMR,2020-04-25,2
0,COD,2020-04-25,8
0,COG,2020-04-25,24
9,COL,2020-04-25,141
0,CPV,2020-04-25,10
0,CRI,2020-04-25,7
4,CUB,2020-04-25,56
0,CUW,2020-04-25,0
0,CYM,2020-04-25,0
0,CYP,2020-04-25,17
4,CZE,2020-04-25,67
196,DEU,2020-04-25,1465
0,DJI,2020-04-25,125
0,DMA,2020-04-25,0
7,DNK,2020-04-25,242
8,DOM,2020-04-25,182
6,DZA,2020-04-25,49
11,ECU,2020-04-25,399
15,EGY,2020-04-25,278
0,ERI,2020-04-25,0
217,ESP,2020-04-25,1786
0,EST,2020-04-25,21
0,ETH,2020-04-25,6
5,FIN,2020-04-25,109
0,FJI,2020-04-25,1
525,FRA,2020-04-25,1792
0,FRO,2020-04-25,0
0,GAB,2020-04-25,13
592,GBR,2020-04-25,4764
0,GEO,2020-04-25,29
0,GGY,2020-04-25,2
0,GHA,2020-04-25,53
0,GIB,2020-04-25,1
0,GIN,2020-04-25,43
0,GMB,2020-04-25,0
0,GNB,2020-04-25,0
0,GNQ,2020-04-25,13
2,GRC,2020-04-25,27
0,GRD,2020-04-25,0
0,GRL,2020-04-25,0
0,GTM,2020-04-25,32
0,GUM,2020-04-25,1
0,GUY,2020-04-25,3
5,HND,2020-04-25,4
2,HRV,2020-04-25,22
0,HTI,2020-04-25,1
21,HUN,2020-04-25,100
44,IDN,2020-04-25,453
0,IMN,2020-04-25,8
41,IND,2020-04-25,1387
34,IRL,2020-04-25,1385
62,IRN,2020-04-25,1685
1,IRQ,2020-04-25,32
0,ISL,2020-04-25,9
6,ISR,2020-04-25,163
269,ITA,2020-04-25,1666
0,JAM,2020-04-25,21
1,JEY,2020-04-25,2
0,JOR,2020-04-25,1
9,JPN,2020-04-25,953
0,KAZ,2020-04-25,142
1,KEN,2020-04-25,3
0,KGZ,2020-04-25,21
0,KHM,2020-04-25,0
0,KNA,2020-04-25,0
3,KOR,2020-04-25,1
0,KWT,2020-04-25,251
0,LAO,2020-04-25,0
0,LBN,2020-04-25,3
0,LBR,2020-04-25,2
0,LBY,2020-04-25,8
0,LCA,2020-04-25,0
0,LIE,2020-04-25,0
0,LKA,2020-04-25,3
3,LTU,2020-04-25,11
2,LUX,2020-04-25,12
0,LVA,2020-04-25,4
3,MAR,2020-04-25,150
0,MCO,2020-04-25,1
3,MDA,2020-04-25,110
0,MDG,2020-04-25,1
0,MDV,2020-04-25,0
67,MEX,2020-04-25,635
2,MKD,2020-04-25,57
0,MLI,2020-04-25,29
0,MLT,2020-04-25,14
0,MMR,2020-04-25,14
0,MNE,2020-04-25,3
0,MNG,2020-04-25,3
0,MNP,2020-04-25,0
0,MOZ,2020-04-25,5
0,MRT,2020-04-25,0
0,MSR,2020-04-25,1
0,MUS,2020-04-25,3
0,MWI,2020-04-25,1
0,MYS,2020-04-25,74
0,NAM,2020-04-25,0
0,NCL,2020-04-25,0
0,NER,2020-04-25,5
1,NGA,2020-04-25,16
0,NIC,2020-04-25,1
70,NLD,2020-04-25,680
7,NOR,2020-04-25,49
0,NPL,2020-04-25,4
0,NZL,2020-04-25,2
0,OMN,2020-04-25,215
14,PAK,2020-04-25,417
5,PAN,2020-04-25,154
22,PER,2020-04-25,2644
34,PHL,2020-04-25,94
0,PNG,2020-04-25,0
18,POL,2020-04-25,276
2,PRI,2020-04-25,23
20,PRT,2020-04-25,318
0,PRY,2020-04-25,5
0,PSE,2020-04-25,9
0,PYF,2020-04-25,0
0,QAT,2020-04-25,754
15,ROU,2020-04-25,279
86,RUS,2020-04-25,8880
0,RWA,2020-04-25,1
4,SAU,2020-04-25,908
0,SDN,2020-04-25,6
0,SEN,2020-04-25,4
0,SGP,2020-04-25,673
0,SLE,2020-04-25,4
0,SLV,2020-04-25,7
0,SMR,2020-04-25,7
0,SOM,2020-04-25,20
1,SRB,2020-04-25,478
0,SSD,2020-04-25,0
0,STP,2020-04-25,0
0,SUR,2020-04-25,0
0,SVK,2020-04-25,44
2,SVN,2020-04-25,12
74,SWE,2020-04-25,601
0,SWZ,2020-04-25,1
0,SXM,2020-04-25,0
0,SYC,2020-04-25,0
0,SYR,2020-04-25,1
0,TCA,2020-04-25,0
0,TCD,2020-04-25,5
0,TGO,2020-04-25,1
1,THA,2020-04-25,13
0,TLS,2020-04-25,3
0,TTO,2020-04-25,0
1,TUN,2020-04-25,9
93,TUR,2020-04-25,3930
0,TWN,2020-04-25,1
0,TZA,2020-04-25,25
0,UGA,2020-04-25,0
14,UKR,2020-04-25,931
0,URY,2020-04-25,4
3594,USA,2020-04-25,19102
0,UZB,2020-04-25,245
0,VAT,2020-04-25,0
0,VCT,2020-04-25,0
0,VEN,2020-04-25,0
0,VGB,2020-04-25,0
0,VIR,2020-04-25,0
0,VNM,2020-04-25,1
0,XKX,2020-04-25,81
0,YEM,2020-04-25,0
10,ZAF,2020-04-25,28
0,ZMB,2020-04-25,0
0,ZWE,2020-04-25,3
0,ABW,2020-04-26,1
3,AFG,2020-04-26,57
0,AGO,2020-04-26,0
0,ALB,2020-04-26,9
1,AND,2020-04-26,5
6,ARE,2020-04-26,383
5,ARG,2020-04-26,52
1,ARM,2020-04-26,18
0,ATG,2020-04-26,0
2,AUS,2020-04-26,8
10,AUT,2020-04-26,36
1,AZE,2020-04-26,36
0,BDI,2020-04-26,0
309,BEL,2020-04-26,838
0,BEN,2020-04-26,0
0,BFA,2020-04-26,9
5,BGD,2020-04-26,1297
2,BGR,2020-04-26,12
0,BHR,2020-04-26,160
0,BHS,2020-04-26,1
0,BIH,2020-04-26,22
2,BLR,2020-04-26,440
0,BLZ,2020-04-26,1
0,BMU,2020-04-26,4
0,BOL,2020-04-26,44
255,BRA,2020-04-26,2634
0,BRB,2020-04-26,1
0,BRN,2020-04-26,0
0,BTN,2020-04-26,0
0,BWA,2020-04-26,1
0,CAF,2020-04-26,0
219,CAN,2020-04-26,827
18,CHE,2020-04-26,170
6,CHL,2020-04-26,291
1,CHN,2020-04-26,0
0,CIV,2020-04-26,40
1,CMR,2020-04-26,2
0,COD,2020-04-26,7
0,COG,2020-04-26,26
10,COL,2020-04-26,138
0,CPV,2020-04-26,10
0,CRI,2020-04-26,7
5,CUB,2020-04-26,56
0,CUW,2020-04-26,0
0,CYM,2020-04-26,1
0,CYP,2020-04-26,16
4,CZE,2020-04-26,62
189,DEU,2020-04-26,1354
0,DJI,2020-04-26,125
0,DMA,2020-04-26,0
7,DNK,2020-04-26,239
8,DOM,2020-04-26,178
6,DZA,2020-04-26,45
11,ECU,2020-04-26,393
15,EGY,2020-04-26,290
0,ERI,2020-04-26,0
199,ESP,2020-04-26,1641
1,EST,2020-04-26,19
0,ETH,2020-04-26,6
5,FIN,2020-04-26,106
0,FJI,2020-04-26,0
493,FRA,2020-04-26,1687
0,FRO,2020-04-26,0
0,GAB,2020-04-26,13
562,GBR,2020-04-26,4639
0,GEO,2020-04-26,29
0,GGY,2020-04-26,2
0,GHA,2020-04-26,54
0,GIB,2020-04-26,0
0,GIN,2020-04-26,44
0,GMB,2020-04-26,0
0,GNB,2020-04-26,0
0,GNQ,2020-04-26,13
1,GRC,2020-04-26,24
0,GRD,2020-04-26,0
0,GRL,2020-04-26,0
0,GTM,2020-04-26,35
0,GUM,2020-04-26,0
0,GUY,2020-04-26,3
5,HND,2020-04-26,3
2,HRV,2020-04-26,19
0,HTI,2020-04-26,2
21,HUN,2020-04-26,100
46,IDN,2020-04-26,463
0,IMN,2020-04-26,7
39,IND,2020-04-26,1404
34,IRL,2020-04-26,1436
60,IRN,2020-04-26,1637
1,IRQ,2020-04-26,31
0,ISL,2020-04-26,9
6,ISR,2020-04-26,150
252,ITA,2020-04-26,1567
0,JAM,2020-04-26,21
1,JEY,2020-04-26,2
0,JOR,2020-04-26,1
9,JPN,2020-04-26,953
1,KAZ,2020-04-26,147
0,KEN,2020-04-26,2
0,KGZ,2020-04-26,21
0,KHM,2020-04-26,0
0,KNA,2020-04-26,0
2,KOR,2020-04-26,2
0,KWT,2020-04-26,272
0,LAO,2020-04-26,0
0,LBN,2020-04-26,4
0,LBR,2020-04-26,3
0,LBY,2020-04-26,8
0,LCA,2020-04-26,0
0,LIE,2020-04-26,0
0,LKA,2020-04-26,3
3,LTU,2020-04-26,9
2,LUX,2020-04-26,9
0,LVA,2020-04-26,4
1,MAR,2020-04-26,151
0,MCO,2020-04-26,0
3,MDA,2020-04-26,108
0,MDG,2020-04-26,1
0,MDV,2020-04-26,0
68,MEX,2020-04-26,651
1,MKD,2020-04-26,57
1,MLI,2020-04-26,31
0,MLT,2020-04-26,13
0,MMR,2020-04-26,14
0,MNE,2020-04-26,2
0,MNG,2020-04-26,3
0,MNP,2020-04-26,1
0,MOZ,2020-04-26,6
0,MRT,2020-04-26,0
0,MSR,2020-04-26,0
0,MUS,2020-04-26,2
0,MWI,2020-04-26,0
1,MYS,2020-04-26,70
0,NAM,2020-04-26,0
0,NCL,2020-04-26,0
1,NER,2020-04-26,4
2,NGA,2020-04-26,16
0,NIC,2020-04-26,2
67,NLD,2020-04-26,651
6,NOR,2020-04-26,46
0,NPL,2020-04-26,4
1,NZL,2020-04-26,1
0,OMN,2020-04-26,235
14,PAK,2020-04-26,417
4,PAN,2020-04-26,150
22,PER,2020-04-26,2816
34,PHL,2020-04-26,87
0,PNG,2020-04-26,0
18,POL,2020-04-26,266
2,PRI,2020-04-26,22
20,PRT,2020-04-26,296
0,PRY,2020-04-26,6
0,PSE,2020-04-26,8
0,PYF,2020-04-26,1
0,QAT,2020-04-26,825
13,ROU,2020-04-26,269
96,RUS,2020-04-26,9853
0,RWA,2020-04-26,1
4,SAU,2020-04-26,968
0,SDN,2020-04-26,6
0,SEN,2020-04-26,5
1,SGP,2020-04-26,673
0,SLE,2020-04-26,4
0,SLV,2020-04-26,6
0,SMR,2020-04-26,6
0,SOM,2020-04-26,20
2,SRB,2020-04-26,485
0,SSD,2020-04-26,0
0,STP,2020-04-26,0
0,SUR,2020-04-26,0
0,SVK,2020-04-26,43
1,SVN,2020-04-26,11
72,SWE,2020-04-26,600
0,SWZ,2020-04-26,0
0,SXM,2020-04-26,1
0,SYC,2020-04-26,0
0,SYR,2020-04-26,1
0,TCA,2020-04-26,0
0,TCD,2020-04-26,5
0,TGO,2020-04-26,2
0,THA,2020-04-26,11
0,TLS,2020-04-26,3
0,TTO,2020-04-26,0
1,TUN,2020-04-26,9
90,TUR,2020-04-26,3807
0,TWN,2020-04-26,1
0,TZA,2020-04-26,25
0,UGA,2020-04-26,0
14,UKR,2020-04-26,1002
0,URY,2020-04-26,4
3649,USA,2020-04-26,18099
0,UZB,2020-04-26,259
0,VAT,2020-04-26,0
0,VCT,2020-04-26,0
0,VEN,2020-04-26,1
0,VGB,2020-04-26,0
0,VIR,2020-04-26,0
0,VNM,2020-04-26,1
1,XKX,2020-04-26,87
0,YEM,2020-04-26,0
10,ZAF,2020-04-26,25
0,ZMB,2020-04-26,0
0,ZWE,2020-04-26,3
0,ABW,2020-04-27,0
3,AFG,2020-04-27,57
0,AGO,2020-04-27,0
0,ALB,2020-04-27,8
0,AND,2020-04-27,4
6,ARE,2020-04-27,374
5,ARG,2020-04-27,49
1,ARM,2020-04-27,16
0,ATG,2020-04-27,0
2,AUS,2020-04-27,7
9,AUT,2020-04-27,32
1,AZE,2020-04-27,35
0,BDI,2020-04-27,0
300,BEL,2020-04-27,798
0,BEN,2020-04-27,1
1,BFA,2020-04-27,8
5,BGD,2020-04-27,1500
2,BGR,2020-04-27,12
0,BHR,2020-04-27,160
0,BHS,2020-04-27,1
0,BIH,2020-04-27,21
2,BLR,2020-04-27,426
0,BLZ,2020-04-27,2
0,BMU,2020-04-27,5
1,BOL,2020-04-27,45
261,BRA,2020-04-27,2661
0,BRB,2020-04-27,1
0,BRN,2020-04-27,0
0,BTN,2020-04-27,0
0,BWA,2020-04-27,0
0,CAF,2020-04-27,0
228,CAN,2020-04-27,785
17,CHE,2020-04-27,154
5,CHL,2020-04-27,279
0,CHN,2020-04-27,0
0,CIV,2020-04-27,40
1,CMR,2020-04-27,1
0,COD,2020-04-27,6
0,COG,2020-04-27,29
9,COL,2020-04-27,134
0,CPV,2020-04-27,10
0,CRI,2020-04-27,6
4,CUB,2020-04-27,55
0,CUW,2020-04-27,0
0,CYM,2020-04-27,0
0,CYP,2020-04-27,15
4,CZE,2020-04-27,56
184,DEU,2020-04-27,1251
0,DJI,2020-04-27,125
0,DMA,2020-04-27,0
6,DNK,2020-04-27,235
8,DOM,2020-04-27,174
5,DZA,2020-04-27,42
11,ECU,2020-04-27,385
15,EGY,2020-04-27,303
0,ERI,2020-04-27,0
181,ESP,2020-04-27,1507
0,EST,2020-04-27,18
0,ETH,2020-04-27,6
6,FIN,2020-04-27,104
0,FJI,2020-04-27,0
461,FRA,2020-04-27,1586
0,FRO,2020-04-27,0
0,GAB,2020-04-27,13
532,GBR,2020-04-27,4510
0,GEO,2020-04-27,31
0,GGY,2020-04-27,1
0,GHA,2020-04-27,55
0,GIB,2020-04-27,0
0,GIN,2020-04-27,42
0,GMB,2020-04-27,0
0,GNB,2020-04-27,0
0,GNQ,2020-04-27,13
1,GRC,2020-04-27,23
0,GRD,2020-04-27,0
0,GRL,2020-04-27,0
0,GTM,2020-04-27,37
0,GUM,2020-04-27,1
0,GUY,2020-04-27,2
5,HND,2020-04-27,3
1,HRV,2020-04-27,18
0,HTI,2020-04-27,1
21,HUN,2020-04-27,100
46,IDN,2020-04-27,474
0,IMN,2020-04-27,6
39,IND,2020-04-27,1415
34,IRL,2020-04-27,1489
57,IRN,2020-04-27,1590
1,IRQ,2020-04-27,30
0,ISL,2020-04-27,8
6,ISR,2020-04-27,137
236,ITA,2020-04-27,1471
0,JAM,2020-04-27,21
1,JEY,2020-04-27,2
0,JOR,2020-04-27,1
10,JPN,2020-04-27,953
1,KAZ,2020-04-27,150
0,KEN,2020-04-27,2
0,KGZ,2020-04-27,20
0,KHM,2020-04-27,0
0,KNA,2020-04-27,0
3,KOR,2020-04-27,1
0,KWT,2020-04-27,294
0,LAO,2020-04-27,0
1,LBN,2020-04-27,3
0,LBR,2020-04-27,2
0,LBY,2020-04-27,9
0,LCA,2020-04-27,0
0,LIE,2020-04-27,0
0,LKA,2020-04-27,2
3,LTU,2020-04-27,8
2,LUX,2020-04-27,9
0,LVA,2020-04-27,4
2,MAR,2020-04-27,152
0,MCO,2020-04-27,1
3,MDA,2020-04-27,103
0,MDG,2020-04-27,1
0,MDV,2020-04-27,0
68,MEX,2020-04-27,665
1,MKD,2020-04-27,58
0,MLI,2020-04-27,32
0,MLT,2020-04-27,12
0,MMR,2020-04-27,14
0,MNE,2020-04-27,2
0,MNG,2020-04-27,3
0,MNP,2020-04-27,0
0,MOZ,2020-04-27,6
0,MRT,2020-04-27,0
0,MSR,2020-04-27,0
0,MUS,2020-04-27,2
0,MWI,2020-04-27,0
1,MYS,2020-04-27,66
0,NAM,2020-04-27,0
0,NCL,2020-04-27,0
0,NER,2020-04-27,3
2,NGA,2020-04-27,16
0,NIC,2020-04-27,1
61,NLD,2020-04-27,621
7,NOR,2020-04-27,43
0,NPL,2020-04-27,4
0,NZL,2020-04-27,1
0,OMN,2020-04-27,260
14,PAK,2020-04-27,417
3,PAN,2020-04-27,145
21,PER,2020-04-27,2989
35,PHL,2020-04-27,80
0,PNG,2020-04-27,0
17,POL,2020-04-27,255
2,PRI,2020-04-27,19
18,PRT,2020-04-27,276
0,PRY,2020-04-27,5
0,PSE,2020-04-27,8
0,PYF,2020-04-27,0
0,QAT,2020-04-27,901
13,ROU,2020-04-27,259
107,RUS,2020-04-27,10913
0,RWA,2020-04-27,1
3,SAU,2020-04-27,1031
0,SDN,2020-04-27,6
0,SEN,2020-04-27,4
0,SGP,2020-04-27,673
0,SLE,2020-04-27,4
0,SLV,2020-04-27,6
0,SMR,2020-04-27,7
0,SOM,2020-04-27,20
1,SRB,2020-04-27,493
0,SSD,2020-04-27,0
0,STP,2020-04-27,0
0,SUR,2020-04-27,0
0,SVK,2020-04-27,43
2,SVN,2020-04-27,10
70,SWE,2020-04-27,598
0,SWZ,2020-04-27,0
0,SXM,2020-04-27,0
0,SYC,2020-04-27,0
0,SYR,2020-04-27,1
0,TCA,2020-04-27,0
0,TCD,2020-04-27,5
0,TGO,2020-04-27,1
1,THA,2020-04-27,11
0,TLS,2020-04-27,3
0,TTO,2020-04-27,0
1,TUN,2020-04-27,8
86,TUR,2020-04-27,3680
0,TWN,2020-04-27,1
0,TZA,2020-04-27,25
0,UGA,2020-04-27,0
15,UKR,2020-04-27,1076
0,URY,2020-04-27,3
3693,USA,2020-04-27,17120
0,UZB,2020-04-27,275
0,VAT,2020-04-27,0
0,VCT,2020-04-27,0
0,VEN,2020-04-27,1
0,VGB,2020-04-27,0
0,VIR,2020-04-27,0
0,VNM,2020-04-27,1
1,XKX,2020-04-27,96
0,YEM,2020-04-27,0
11,ZAF,2020-04-27,23
0,ZMB,2020-04-27,0
0,ZWE,2020-04-27,3
0,ABW,2020-04-28,0
4,AFG,2020-04-28,56
0,AGO,2020-04-28,0
0,ALB,2020-04-28,9
0,AND,2020-04-28,3
6,ARE,2020-04-28,365
4,ARG,2020-04-28,46
1,ARM,2020-04-28,16
0,ATG,2020-04-28,0
2,AUS,2020-04-28,6
8,AUT,2020-04-28,28
0,AZE,2020-04-28,32
0,BDI,2020-04-28,0
291,BEL,2020-04-28,757
0,BEN,2020-04-28,0
1,BFA,2020-04-28,8
5,BGD,2020-04-28,1728
1,BGR,2020-04-28,11
0,BHR,2020-04-28,160
0,BHS,2020-04-28,0
0,BIH,2020-04-28,19
1,BLR,2020-04-28,409
0,BLZ,2020-04-28,1
0,BMU,2020-04-28,5
0,BOL,2020-04-28,47
267,BRA,2020-04-28,2681
0,BRB,2020-04-28,0
0,BRN,2020-04-28,0
0,BTN,2020-04-28,0
0,BWA,2020-04-28,0
0,CAF,2020-04-28,0
240,CAN,2020-04-28,742
16,CHE,2020-04-28,142
5,CHL,2020-04-28,268
0,CHN,2020-04-28,0
0,CIV,2020-04-28,39
1,CMR,2020-04-28,1
0,COD,2020-04-28,7
0,COG,2020-04-28,32
8,COL,2020-04-28,130
0,CPV,2020-04-28,10
0,CRI,2020-04-28,6
5,CUB,2020-04-28,54
0,CUW,2020-04-28,0
0,CYM,2020-04-28,0
0,CYP,2020-04-28,14
3,CZE,2020-04-28,53
178,DEU,2020-04-28,1155
0,DJI,2020-04-28,125
0,DMA,2020-04-28,0
5,DNK,2020-04-28,230
7,DOM,2020-04-28,170
5,DZA,2020-04-28,40
10,ECU,2020-04-28,376
15,EGY,2020-04-28,314
0,ERI,2020-04-28,0
166,ESP,2020-04-28,1382
1,EST,2020-04-28,16
0,ETH,2020-04-28,6
5,FIN,2020-04-28,102
0,FJI,2020-04-28,0
432,FRA,2020-04-28,1489
0,FRO,2020-04-28,0
0,GAB,2020-04-28,13
501,GBR,2020-04-28,4376
0,GEO,2020-04-28,31
0,GGY,2020-04-28,1
0,GHA,2020-04-28,56
0,GIB,2020-04-28,1
0,GIN,2020-04-28,42
0,GMB,2020-04-28,0
0,GNB,2020-04-28,0
0,GNQ,2020-04-28,13
1,GRC,2020-04-28,22
0,GRD,2020-04-28,0
0,GRL,2020-04-28,0
0,GTM,2020-04-28,39
0,GUM,2020-04-28,1
0,GUY,2020-04-28,3
5,HND,2020-04-28,2
2,HRV,2020-04-28,17
0,HTI,2020-04-28,2
23,HUN,2020-04-28,99
48,IDN,2020-04-28,483
0,IMN,2020-04-28,6
38,IND,2020-04-28,1424
32,IRL,2020-04-28,1540
54,IRN,2020-04-28,1543
0,IRQ,2020-04-28,28
0,ISL,2020-04-28,8
6,ISR,2020-04-28,127
222,ITA,2020-04-28,1381
0,JAM,2020-04-28,21
1,JEY,2020-04-28,2
0,JOR,2020-04-28,0
10,JPN,2020-04-28,953
1,KAZ,2020-04-28,154
1,KEN,2020-04-28,1
0,KGZ,2020-04-28,19
0,KHM,2020-04-28,0
0,KNA,2020-04-28,0
2,KOR,2020-04-28,1
0,KWT,2020-04-28,317
0,LAO,2020-04-28,1
0,LBN,2020-04-28,2
0,LBR,2020-04-28,2
0,LBY,2020-04-28,9
0,LCA,2020-04-28,0
0,LIE,2020-04-28,0
0,LKA,2020-04-28,2
3,LTU,2020-04-28,7
1,LUX,2020-04-28,8
0,LVA,2020-04-28,3
2,MAR,2020-04-28,151
0,MCO,2020-04-28,1
3,MDA,2020-04-28,100
0,MDG,2020-04-28,1
0,MDV,2020-04-28,0
69,MEX,2020-04-28,679
2,MKD,2020-04-28,56
0,MLI,2020-04-28,34
0,MLT,2020-04-28,13
0,MMR,2020-04-28,14
0,MNE,2020-04-28,2
0,MNG,2020-04-28,3
0,MNP,2020-04-28,0
0,MOZ,2020-04-28,7
0,MRT,2020-04-28,0
0,MSR,2020-04-28,0
0,MUS,2020-04-28,2
0,MWI,2020-04-28,1
0,MYS,2020-04-28,62
0,NAM,2020-04-28,0
0,NCL,2020-04-28,0
0,NER,2020-04-28,2
2,NGA,2020-04-28,15
0,NIC,2020-04-28,1
58,NLD,2020-04-28,594
6,NOR,2020-04-28,40
0,NPL,2020-04-28,4
0,NZL,2020-04-28,1
0,OMN,2020-04-28,284
14,PAK,2020-04-28,417
4,PAN,2020-04-28,141
21,PER,2020-04-28,3165
36,PHL,2020-04-28,75
0,PNG,2020-04-28,0
16,POL,2020-04-28,246
2,PRI,2020-04-28,18
18,PRT,2020-04-28,256
0,PRY,2020-04-28,5
0,PSE,2020-04-28,8
0,PYF,2020-04-28,0
0,QAT,2020-04-28,986
12,ROU,2020-04-28,249
121,RUS,2020-04-28,12064
0,RWA,2020-04-28,0
4,SAU,2020-04-28,1097
0,SDN,2020-04-28,7
0,SEN,2020-04-28,4
1,SGP,2020-04-28,673
0,SLE,2020-04-28,4
0,SLV,2020-04-28,5
0,SMR,2020-04-28,6
0,SOM,2020-04-28,20
2,SRB,2020-04-28,499
0,SSD,2020-04-28,0
0,STP,2020-04-28,0
0,SUR,2020-04-28,0
0,SVK,2020-04-28,42
2,SVN,2020-04-28,10
68,SWE,2020-04-28,595
0,SWZ,2020-04-28,1
0,SXM,2020-04-28,0
0,SYC,2020-04-28,0
0,SYR,2020-04-28,2
0,TCA,2020-04-28,0
0,TCD,2020-04-28,5
0,TGO,2020-04-28,1
1,THA,2020-04-28,9
0,TLS,2020-04-28,3
0,TTO,2020-04-28,0
1,TUN,2020-04-28,7
84,TUR,2020-04-28,3549
0,TWN,2020-04-28,1
0,TZA,2020-04-28,25
0,UGA,2020-04-28,0
15,UKR,2020-04-28,1155
0,URY,2020-04-28,3
3730,USA,2020-04-28,16171
0,UZB,2020-04-28,291
0,VAT,2020-04-28,0
0,VCT,2020-04-28,0
0,VEN,2020-04-28,1
0,VGB,2020-04-28,0
0,VIR,2020-04-28,0
0,VNM,2020-04-28,1
1,XKX,2020-04-28,103
0,YEM,2020-04-28,0
13,ZAF,2020-04-28,21
0,ZMB,2020-04-28,0
0,ZWE,2020-04-28,3
0,ABW,2020-04-29,0
3,AFG,2020-04-29,56
0,AGO,2020-04-29,0
0,ALB,2020-04-29,7
0,AND,2020-04-29,3
7,ARE,2020-04-29,354
5,ARG,2020-04-29,44
2,ARM,2020-04-29,14
0,ATG,2020-04-29,1
1,AUS,2020-04-29,5
8,AUT,2020-04-29,25
1,AZE,2020-04-29,30
0,BDI,2020-04-29,0
282,BEL,2020-04-29,719
0,BEN,2020-04-29,0
0,BFA,2020-04-29,7
5,BGD,2020-04-29,1982
2,BGR,2020-04-29,10
0,BHR,2020-04-29,160
0,BHS,2020-04-29,1
0,BIH,2020-04-29,19
2,BLR,2020-04-29,393
0,BLZ,2020-04-29,1
0,BMU,2020-04-29,4
1,BOL,2020-04-29,47
271,BRA,2020-04-29,2697
0,BRB,2020-04-29,0
0,BRN,2020-04-29,0
0,BTN,2020-04-29,0
0,BWA,2020-04-29,0
0,CAF,2020-04-29,0
250,CAN,2020-04-29,702
14,CHE,2020-04-29,129
5,CHL,2020-04-29,258
0,CHN,2020-04-29,0
0,CIV,2020-04-29,39
2,CMR,2020-04-29,0
0,COD,2020-04-29,6
0,COG,2020-04-29,34
8,COL,2020-04-29,126
0,CPV,2020-04-29,10
0,CRI,2020-04-29,5
5,CUB,2020-04-29,54
0,CUW,2020-04-29,0
0,CYM,2020-04-29,0
0,CYP,2020-04-29,14
3,CZE,2020-04-29,48
171,DEU,2020-04-29,1066
0,DJI,2020-04-29,125
0,DMA,2020-04-29,0
6,DNK,2020-04-29,227
7,DOM,2020-04-29,166
4,DZA,2020-04-29,36
9,ECU,2020-04-29,369
15,EGY,2020-04-29,328
0,ERI,2020-04-29,0
151,ESP,2020-04-29,1268
0,EST,2020-04-29,16
0,ETH,2020-04-29,6
5,FIN,2020-04-29,98
0,FJI,2020-04-29,0
404,FRA,2020-04-29,1399
0,FRO,2020-04-29,0
0,GAB,2020-04-29,13
473,GBR,2020-04-29,4240
0,GEO,2020-04-29,33
0,GGY,2020-04-29,2
0,GHA,2020-04-29,57
0,GIB,2020-04-29,0
0,GIN,2020-04-29,42
0,GMB,2020-04-29,0
0,GNB,2020-04-29,0
0,GNQ,2020-04-29,13
1,GRC,2020-04-29,20
0,GRD,2020-04-29,0
0,GRL,2020-04-29,0
0,GTM,2020-04-29,41
0,GUM,2020-04-29,1
0,GUY,2020-04-29,2
5,HND,2020-04-29,2
2,HRV,2020-04-29,15
0,HTI,2020-04-29,1
22,HUN,2020-04-29,99
49,IDN,2020-04-29,493
0,IMN,2020-04-29,6
37,IND,2020-04-29,1430
32,IRL,2020-04-29,1591
51,IRN,2020-04-29,1495
1,IRQ,2020-04-29,27
0,ISL,2020-04-29,6
5,ISR,2020-04-29,115
207,ITA,2020-04-29,1295
0,JAM,2020-04-29,21
1,JEY,2020-04-29,1
0,JOR,2020-04-29,1
11,JPN,2020-04-29,953
0,KAZ,2020-04-29,157
0,KEN,2020-04-29,2
0,KGZ,2020-04-29,19
0,KHM,2020-04-29,0
0,KNA,2020-04-29,0
3,KOR,2020-04-29,1
0,KWT,2020-04-29,342
0,LAO,2020-04-29,0
0,LBN,2020-04-29,3
0,LBR,2020-04-29,2
0,LBY,2020-04-29,9
0,LCA,2020-04-29,0
0,LIE,2020-04-29,0
0,LKA,2020-04-29,3
3,LTU,2020-04-29,7
2,LUX,2020-04-29,6
0,LVA,2020-04-29,3
1,MAR,2020-04-29,151
0,MCO,2020-04-29,0
2,MDA,2020-04-29,96
0,MDG,2020-04-29,0
0,MDV,2020-04-29,0
69,MEX,2020-04-29,691
1,MKD,2020-04-29,57
0,MLI,2020-04-29,35
0,MLT,2020-04-29,12
0,MMR,2020-04-29,14
0,MNE,2020-04-29,1
0,MNG,2020-04-29,3
0,MNP,2020-04-29,0
0,MOZ,2020-04-29,7
0,MRT,2020-04-29,0
0,MSR,2020-04-29,0
0,MUS,2020-04-29,1
0,MWI,2020-04-29,0
0,MYS,2020-04-29,59
0,NAM,2020-04-29,0
0,NCL,2020-04-29,0
0,NER,2020-04-29,2
2,NGA,2020-04-29,14
0,NIC,2020-04-29,2
53,NLD,2020-04-29,565
6,NOR,2020-04-29,36
0,NPL,2020-04-29,4
0,NZL,2020-04-29,1
0,OMN,2020-04-29,313
15,PAK,2020-04-29,415
4,PAN,2020-04-29,136
21,PER,2020-04-29,3343
36,PHL,2020-04-29,68
0,PNG,2020-04-29,0
15,POL,2020-04-29,235
2,PRI,2020-04-29,16
16,PRT,2020-04-29,237
0,PRY,2020-04-29,5
0,PSE,2020-04-29,8
0,PYF,2020-04-29,0
0,QAT,2020-04-29,1077
11,ROU,2020-04-29,239
134,RUS,2020-04-29,13312
0,RWA,2020-04-29,1
3,SAU,2020-04-29,1168
0,SDN,2020-04-29,7
0,SEN,2020-04-29,3
0,SGP,2020-04-29,673
0,SLE,2020-04-29,4
0,SLV,2020-04-29,6
0,SMR,2020-04-29,6
0,SOM,2020-04-29,20
1,SRB,2020-04-29,504
0,SSD,2020-04-29,0
0,STP,2020-04-29,0
0,SUR,2020-04-29,0
0,SVK,2020-04-29,43
1,SVN,2020-04-29,9
65,SWE,2020-04-29,591
0,SWZ,2020-04-29,0
0,SXM,2020-04-29,0
0,SYC,2020-04-29,0
0,SYR,2020-04-29,1
0,TCA,2020-04-29,1
0,TCD,2020-04-29,5
0,TGO,2020-04-29,1
0,THA,2020-04-29,8
0,TLS,2020-04-29,3
0,TTO,2020-04-29,0
1,TUN,2020-04-29,6
80,TUR,2020-04-29,3415
0,TWN,2020-04-29,1
0,TZA,2020-04-29,25
0,UGA,2020-04-29,0
14,UKR,2020-04-29,1237
0,URY,2020-04-29,2
3756,USA,2020-04-29,15254
0,UZB,2020-04-29,306
0,VAT,2020-04-29,0
0,VCT,2020-04-29,0
0,VEN,2020-04-29,1
0,VGB,2020-04-29,0
0,VIR,2020-04-29,0
0,VNM,2020-04-29,0
0,XKX,2020-04-29,113
0,YEM,2020-04-29,0
12,ZAF,2020-04-29,20
0,ZMB,2020-04-29,0
0,ZWE,2020-04-29,3
0,ABW,2020-04-30,0
3,AFG,2020-04-30,55
0,AGO,2020-04-30,0
0,ALB,2020-04-30,8
0,AND,2020-04-30,3
7,ARE,2020-04-30,343
4,ARG,2020-04-30,41
1,ARM,2020-04-30,14
0,ATG,2020-04-30,0
2,AUS,2020-04-30,4
7,AUT,2020-04-30,21
1,AZE,2020-04-30,29
0,BDI,2020-04-30,0
272,BEL,2020-04-30,681
0,BEN,2020-04-30,1
1,BFA,2020-04-30,6
5,BGD,2020-04-30,2267
2,BGR,2020-04-30,10
0,BHR,2020-04-30,160
0,BHS,2020-04-30,1
0,BIH,2020-04-30,17
2,BLR,2020-04-30,376
0,BLZ,2020-04-30,2
0,BMU,2020-04-30,5
0,BOL,2020-04-30,48
275,BRA,2020-04-30,2707
0,BRB,2020-04-30,1
0,BRN,2020-04-30,0
0,BTN,2020-04-30,0
0,BWA,2020-04-30,0
0,CAF,2020-04-30,0
260,CAN,2020-04-30,662
14,CHE,2020-04-30,118
5,CHL,2020-04-30,247
0,CHN,2020-04-30,0
0,CIV,2020-04-30,38
1,CMR,2020-04-30,1
1,COD,2020-04-30,6
0,COG,2020-04-30,38
8,COL,2020-04-30,122
0,CPV,2020-04-30,10
0,CRI,2020-04-30,5
5,CUB,2020-04-30,52
0,CUW,2020-04-30,0
0,CYM,2020-04-30,0
0,CYP,2020-04-30,13
3,CZE,2020-04-30,44
165,DEU,2020-04-30,982
0,DJI,2020-04-30,125
0,DMA,2020-04-30,0
5,DNK,2020-04-30,223
7,DOM,2020-04-30,161
4,DZA,2020-04-30,35
8,ECU,2020-04-30,359
15,EGY,2020-04-30,339
0,ERI,2020-04-30,0
137,ESP,2020-04-30,1161
0,EST,2020-04-30,15
0,ETH,2020-04-30,6
5,FIN,2020-04-30,97
0,FJI,2020-04-30,0
376,FRA,2020-04-30,1311
0,FRO,2020-04-30,0
0,GAB,2020-04-30,13
445,GBR,2020-04-30,4101
0,GEO,2020-04-30,34
0,GGY,2020-04-30,1
0,GHA,2020-04-30,57
0,GIB,2020-04-30,0
0,GIN,2020-04-30,40
0,GMB,2020-04-30,0
0,GNB,2020-04-30,0
0,GNQ,2020-04-30,13
1,GRC,2020-04-30,19
0,GRD,2020-04-30,0
0,GRL,2020-04-30,0
0,GTM,2020-04-30,44
0,GUM,2020-04-30,0
0,GUY,2020-04-30,3
5,HND,2020-04-30,2
2,HRV,2020-04-30,15
0,HTI,2020-04-30,1
23,HUN,2020-04-30,98
50,IDN,2020-04-30,501
0,IMN,2020-04-30,5
36,IND,2020-04-30,1431
31,IRL,2020-04-30,1642
48,IRN,2020-04-30,1449
1,IRQ,2020-04-30,26
0,ISL,2020-04-30,7
5,ISR,2020-04-30,106
194,ITA,2020-04-30,1215
0,JAM,2020-04-30,21
1,JEY,2020-04-30,1
0,JOR,2020-04-30,1
11,JPN,2020-04-30,953
1,KAZ,2020-04-30,161
0,KEN,2020-04-30,1
0,KGZ,2020-04-30,17
0,KHM,2020-04-30,0
0,KNA,2020-04-30,0
2,KOR,2020-04-30,0
0,KWT,2020-04-30,369
0,LAO,2020-04-30,0
0,LBN,2020-04-30,2
0,LBR,2020-04-30,2
0,LBY,2020-04-30,11
0,LCA,2020-04-30,0
0,LIE,2020-04-30,0
0,LKA,2020-04-30,2
3,LTU,2020-04-30,6
2,LUX,2020-04-30,6
0,LVA,2020-04-30,2
1,MAR,2020-04-30,150
0,MCO,2020-04-30,1
3,MDA,2020-04-30,93
0,MDG,2020-04-30,1
0,MDV,2020-04-30,0
69,MEX,2020-04-30,703
1,MKD,2020-04-30,56
1,MLI,2020-04-30,37
0,MLT,2020-04-30,11
0,MMR,2020-04-30,14
0,MNE,2020-04-30,1
0,MNG,2020-04-30,3
0,MNP,2020-04-30,0
0,MOZ,2020-04-30,8
0,MRT,2020-04-30,0
0,MSR,2020-04-30,1
0,MUS,2020-04-30,2
0,MWI,2020-04-30,0
1,MYS,2020-04-30,56
0,NAM,2020-04-30,0
0,NCL,2020-04-30,0
0,NER,2020-04-30,2
2,NGA,2020-04-30,14
0,NIC,2020-04-30,1
50,NLD,2020-04-30,539
6,NOR,2020-04-30,34
0,NPL,2020-04-30,4
0,NZL,2020-04-30,1
0,OMN,2020-04-30,342
14,PAK,2020-04-30,412
3,PAN,2020-04-30,131
20,PER,2020-04-30,3520
38,PHL,2020-04-30,64
0,PNG,2020-04-30,0
15,POL,2020-04-30,225
1,PRI,2020-04-30,15
16,PRT,2020-04-30,221
0,PRY,2020-04-30,5
0,PSE,2020-04-30,7
0,PYF,2020-04-30,0
0,QAT,2020-04-30,1177
10,ROU,2020-04-30,230
149,RUS,2020-04-30,14661
0,RWA,2020-04-30,1
3,SAU,2020-04-30,1239
0,SDN,2020-04-30,8
0,SEN,2020-04-30,4
0,SGP,2020-04-30,673
0,SLE,2020-04-30,4
0,SLV,2020-04-30,5
0,SMR,2020-04-30,6
0,SOM,2020-04-30,20
1,SRB,2020-04-30,508
0,SSD,2020-04-30,0
0,STP,2020-04-30,0
0,SUR,2020-04-30,0
0,SVK,2020-04-30,42
1,SVN,2020-04-30,8
62,SWE,2020-04-30,587
0,SWZ,2020-04-30,0
0,SXM,2020-04-30,0
0,SYC,2020-04-30,0
0,SYR,2020-04-30,1
0,TCA,2020-04-30,0
0,TCD,2020-04-30,5
0,TGO,2020-04-30,2
1,THA,2020-04-30,7
0,TLS,2020-04-30,3
0,TTO,2020-04-30,0
1,TUN,2020-04-30,7
77,TUR,2020-04-30,3281
0,TWN,2020-04-30,1
0,TZA,2020-04-30,25
0,UGA,2020-04-30,0
15,UKR,2020-04-30,1322
0,URY,2020-04-30,3
3775,USA,2020-04-30,14371
0,UZB,2020-04-30,321
0,VAT,2020-04-30,0
0,VCT,2020-04-30,0
0,VEN,2020-04-30,0
0,VGB,2020-04-30,0
0,VIR,2020-04-30,1
0,VNM,2020-04-30,1
1,XKX,2020-04-30,122
0,YEM,2020-04-30,0
14,ZAF,2020-04-30,18
0,ZMB,2020-04-30,0
0,ZWE,2020-04-30,3
0,ABW,2020-05-01,1
4,AFG,2020-05-01,54
0,AGO,2020-05-01,0
0,ALB,2020-05-01,7
1,AND,2020-05-01,3
7,ARE,2020-05-01,331
5,ARG,2020-05-01,38
1,ARM,2020-05-01,13
0,ATG,2020-05-01,0
1,AUS,2020-05-01,4
7,AUT,2020-05-01,20
0,AZE,2020-05-01,26
0,BDI,2020-05-01,0
263,BEL,2020-05-01,646
0,BEN,2020-05-01,0
0,BFA,2020-05-01,6
5,BGD,2020-05-01,2582
1,BGR,2020-05-01,9
0,BHR,2020-05-01,160
0,BHS,2020-05-01,0
0,BIH,2020-05-01,16
1,BLR,2020-05-01,358
0,BLZ,2020-05-01,1
0,BMU,2020-05-01,5
1,BOL,2020-05-01,49
278,BRA,2020-05-01,2714
0,BRB,2020-05-01,0
0,BRN,2020-05-01,0
0,BTN,2020-05-01,0
0,BWA,2020-05-01,0
0,CAF,2020-05-01,0
269,CAN,2020-05-01,624
13,CHE,2020-05-01,107
4,CHL,2020-05-01,236
1,CHN,2020-05-01,0
0,CIV,2020-05-01,37
1,CMR,2020-05-01,1
0,COD,2020-05-01,5
0,COG,2020-05-01,42
8,COL,2020-05-01,118
0,CPV,2020-05-01,10
0,CRI,2020-05-01,5
6,CUB,2020-05-01,51
0,CUW,2020-05-01,0
0,CYM,2020-05-01,1
0,CYP,2020-05-01,13
2,CZE,2020-05-01,40
159,DEU,2020-05-01,905
0,DJI,2020-05-01,125
0,DMA,2020-05-01,0
4,DNK,2020-05-01,218
6,DOM,2020-05-01,158
3,DZA,2020-05-01,32
8,ECU,2020-05-01,350
14,EGY,2020-05-01,353
0,ERI,2020-05-01,0
126,ESP,2020-05-01,1064
1,EST,2020-05-01,14
0,ETH,2020-05-01,6
5,FIN,2020-05-01,93
0,FJI,2020-05-01,0
350,FRA,2020-05-01,1229
0,FRO,2020-05-01,0
0,GAB,2020-05-01,13
417,GBR,2020-05-01,3962
0,GEO,2020-05-01,36
0,GGY,2020-05-01,0
0,GHA,2020-05-01,57
0,GIB,2020-05-01,0
0,GIN,2020-05-01,40
0,GMB,2020-05-01,0
0,GNB,2020-05-01,0
0,GNQ,2020-05-01,13
1,GRC,2020-05-01,18
0,GRD,2020-05-01,0
0,GRL,2020-05-01,0
0,GTM,2020-05-01,46
0,GUM,2020-05-01,1
0,GUY,2020-05-01,2
5,HND,2020-05-01,2
1,HRV,2020-05-01,13
0,HTI,2020-05-01,2
24,HUN,2020-05-01,96
51,IDN,2020-05-01,509
0,IMN,2020-05-01,5
36,IND,2020-05-01,1430
31,IRL,2020-05-01,1692
46,IRN,2020-05-01,1402
0,IRQ,2020-05-01,24
0,ISL,2020-05-01,5
4,ISR,2020-05-01,97
182,ITA,2020-05-01,1139
0,JAM,2020-05-01,21
1,JEY,2020-05-01,1
0,JOR,2020-05-01,0
11,JPN,2020-05-01,953
0,KAZ,2020-05-01,163
0,KEN,2020-05-01,1
0,KGZ,2020-05-01,17
0,KHM,2020-05-01,0
0,KNA,2020-05-01,0
2,KOR,2020-05-01,1
0,KWT,2020-05-01,398
0,LAO,2020-05-01,0
0,LBN,2020-05-01,2
0,LBR,2020-05-01,1
0,LBY,2020-05-01,11
0,LCA,2020-05-01,0
0,LIE,2020-05-01,0
0,LKA,2020-05-01,1
3,LTU,2020-05-01,6
1,LUX,2020-05-01,5
0,LVA,2020-05-01,2
2,MAR,2020-05-01,150
0,MCO,2020-05-01,0
3,MDA,2020-05-01,89
0,MDG,2020-05-01,0
0,MDV,2020-05-01,1
69,MEX,2020-05-01,713
1,MKD,2020-05-01,55
0,MLI,2020-05-01,39
0,MLT,2020-05-01,12
0,MMR,2020-05-01,14
0,MNE,2020-05-01,2
0,MNG,2020-05-01,3
0,MNP,2020-05-01,0
0,MOZ,2020-05-01,9
0,MRT,2020-05-01,0
0,MSR,2020-05-01,0
0,MUS,2020-05-01,1
0,MWI,2020-05-01,0
0,MYS,2020-05-01,53
0,NAM,2020-05-01,0
0,NCL,2020-05-01,0
0,NER,2020-05-01,1
2,NGA,2020-05-01,14
0,NIC,2020-05-01,2
46,NLD,2020-05-01,513
6,NOR,2020-05-01,31
0,NPL,2020-05-01,4
0,NZL,2020-05-01,1
0,OMN,2020-05-01,376
15,PAK,2020-05-01,411
3,PAN,2020-05-01,126
19,PER,2020-05-01,3698
38,PHL,2020-05-01,58
0,PNG,2020-05-01,0
15,POL,2020-05-01,215
2,PRI,2020-05-01,14
15,PRT,2020-05-01,204
0,PRY,2020-05-01,5
0,PSE,2020-05-01,7
0,PYF,2020-05-01,0
0,QAT,2020-05-01,1286
10,ROU,2020-05-01,219
165,RUS,2020-05-01,16121
0,RWA,2020-05-01,0
3,SAU,2020-05-01,1316
0,SDN,2020-05-01,8
0,SEN,2020-05-01,3
1,SGP,2020-05-01,673
0,SLE,2020-05-01,4
0,SLV,2020-05-01,4
1,SMR,2020-05-01,6
0,SOM,2020-05-01,20
1,SRB,2020-05-01,512
0,SSD,2020-05-01,0
0,STP,2020-05-01,0
0,SUR,2020-05-01,0
0,SVK,2020-05-01,43
1,SVN,2020-05-01,8
60,SWE,2020-05-01,583
0,SWZ,2020-05-01,0
0,SXM,2020-05-01,0
0,SYC,2020-05-01,0
0,SYR,2020-05-01,1
0,TCA,2020-05-01,0
0,TCD,2020-05-01,5
0,TGO,2020-05-01,1
0,THA,2020-05-01,7
0,TLS,2020-05-01,3
0,TTO,2020-05-01,0
0,TUN,2020-05-01,5
73,TUR,2020-05-01,3145
0,TWN,2020-05-01,0
0,TZA,2020-05-01,25
0,UGA,2020-05-01,0
15,UKR,2020-05-01,1410
0,URY,2020-05-01,2
3785,USA,2020-05-01,13522
0,UZB,2020-05-01,338
0,VAT,2020-05-01,0
0,VCT,2020-05-01,0
0,VEN,2020-05-01,1
0,VGB,2020-05-01,0
0,VIR,2020-05-01,0
0,VNM,2020-05-01,1
1,XKX,2020-05-01,134
0,YEM,2020-05-01,0
15,ZAF,2020-05-01,17
0,ZMB,2020-05-01,0
0,ZWE,2020-05-01,3
0,ABW,2020-05-02,0
3,AFG,2020-05-02,54
0,AGO,2020-05-02,0
0,ALB,2020-05-02,6
0,AND,2020-05-02,2
8,ARE,2020-05-02,320
4,ARG,2020-05-02,37
1,ARM,2020-05-02,12
0,ATG,2020-05-02,0
2,AUS,2020-05-02,3
6,AUT,2020-05-02,17
1,AZE,2020-05-02,25
0,BDI,2020-05-02,0
252,BEL,2020-05-02,610
0,BEN,2020-05-02,0
1,BFA,2020-05-02,6
5,BGD,2020-05-02,2931
2,BGR,2020-05-02,9
0,BHR,2020-05-02,160
0,BHS,2020-05-02,1
0,BIH,2020-05-02,15
1,BLR,2020-05-02,340
0,BLZ,2020-05-02,1
0,BMU,2020-05-02,4
0,BOL,2020-05-02,50
282,BRA,2020-05-02,2715
0,BRB,2020-05-02,1
0,BRN,2020-05-02,0
0,BTN,2020-05-02,0
0,BWA,2020-05-02,0
0,CAF,2020-05-02,0
280,CAN,2020-05-02,587
12,CHE,2020-05-02,98
4,CHL,2020-05-02,226
0,CHN,2020-05-02,0
0,CIV,2020-05-02,36
1,CMR,2020-05-02,0
0,COD,2020-05-02,6
0,COG,2020-05-02,45
7,COL,2020-05-02,114
0,CPV,2020-05-02,10
0,CRI,2020-05-02,5
6,CUB,2020-05-02,51
0,CUW,2020-05-02,0
0,CYM,2020-05-02,0
0,CYP,2020-05-02,11
2,CZE,2020-05-02,37
152,DEU,2020-05-02,833
0,DJI,2020-05-02,125
0,DMA,2020-05-02,0
4,DNK,2020-05-02,214
6,DOM,2020-05-02,152
3,DZA,2020-05-02,30
7,ECU,2020-05-02,341
15,EGY,2020-05-02,365
0,ERI,2020-05-02,1
114,ESP,2020-05-02,973
0,EST,2020-05-02,13
0,ETH,2020-05-02,6
5,FIN,2020-05-02,91
0,FJI,2020-05-02,0
326,FRA,2020-05-02,1152
0,FRO,2020-05-02,0
0,GAB,2020-05-02,13
392,GBR,2020-05-02,3821
0,GEO,2020-05-02,36
0,GGY,2020-05-02,1
0,GHA,2020-05-02,58
0,GIB,2020-05-02,1
0,GIN,2020-05-02,38
0,GMB,2020-05-02,0
0,GNB,2020-05-02,0
0,GNQ,2020-05-02,13
0,GRC,2020-05-02,17
0,GRD,2020-05-02,0
0,GRL,2020-05-02,0
0,GTM,2020-05-02,49
0,GUM,2020-05-02,0
0,GUY,2020-05-02,2
5,HND,2020-05-02,1
2,HRV,2020-05-02,12
0,HTI,2020-05-02,1
24,HUN,2020-05-02,96
52,IDN,2020-05-02,517
0,IMN,2020-05-02,4
34,IND,2020-05-02,1425
29,IRL,2020-05-02,1740
44,IRN,2020-05-02,1358
1,IRQ,2020-05-02,23
0,ISL,2020-05-02,5
5,ISR,2020-05-02,89
169,ITA,2020-05-02,1068
0,JAM,2020-05-02,21
1,JEY,2020-05-02,1
0,JOR,2020-05-02,1
12,JPN,2020-05-02,953
1,KAZ,2020-05-02,167
0,KEN,2020-05-02,1
0,KGZ,2020-05-02,16
0,KHM,2020-05-02,0
0,KNA,2020-05-02,0
2,KOR,2020-05-02,1
0,KWT,2020-05-02,429
0,LAO,2020-05-02,1
0,LBN,2020-05-02,2
0,LBR,2020-05-02,2
0,LBY,2020-05-02,11
0,LCA,2020-05-02,0
0,LIE,2020-05-02,0
0,LKA,2020-05-02,2
3,LTU,2020-05-02,5
2,LUX,2020-05-02,5
0,LVA,2020-05-02,3
1,MAR,2020-05-02,148
0,MCO,2020-05-02,1
2,MDA,2020-05-02,85
0,MDG,2020-05-02,1
0,MDV,2020-05-02,0
68,MEX,2020-05-02,721
0,MKD,2020-05-02,55
0,MLI,2020-05-02,40
0,MLT,2020-05-02,11
0,MMR,2020-05-02,14
0,MNE,2020-05-02,1
0,MNG,2020-05-02,3
0,MNP,2020-05-02,0
0,MOZ,2020-05-02,10
0,MRT,2020-05-02,0
0,MSR,2020-05-02,0
0,MUS,2020-05-02,1
0,MWI,2020-05-02,1
0,MYS,2020-05-02,49
0,NAM,2020-05-02,0
0,NCL,2020-05-02,0
0,NER,2020-05-02,1
2,NGA,2020-05-02,13
0,NIC,2020-05-02,1
43,NLD,2020-05-02,487
6,NOR,2020-05-02,28
0,NPL,2020-05-02,4
0,NZL,2020-05-02,0
0,OMN,2020-05-02,413
16,PAK,2020-05-02,407
3,PAN,2020-05-02,121
20,PER,2020-05-02,3875
39,PHL,2020-05-02,54
0,PNG,2020-05-02,0
13,POL,2020-05-02,206
1,PRI,2020-05-02,13
14,PRT,2020-05-02,189
0,PRY,2020-05-02,5
0,PSE,2020-05-02,7
0,PYF,2020-05-02,0
0,QAT,2020-05-02,1405
9,ROU,2020-05-02,210
184,RUS,2020-05-02,17692
0,RWA,2020-05-02,1
3,SAU,2020-05-02,1396
0,SDN,2020-05-02,9
0,SEN,2020-05-02,3
0,SGP,2020-05-02,673
0,SLE,2020-05-02,4
0,SLV,2020-05-02,5
0,SMR,2020-05-02,6
0,SOM,2020-05-02,20
1,SRB,2020-05-02,514
0,SSD,2020-05-02,0
0,STP,2020-05-02,0
0,SUR,2020-05-02,0
0,SVK,2020-05-02,41
2,SVN,2020-05-02,8
58,SWE,2020-05-02,577
0,SWZ,2020-05-02,0
0,SXM,2020-05-02,0
0,SYC,2020-05-02,0
0,SYR,2020-05-02,1
0,TCA,2020-05-02,0
0,TCD,2020-05-02,5
0,TGO,2020-05-02,1
1,THA,2020-05-02,6
0,TLS,2020-05-02,3
0,TTO,2020-05-02,0
1,TUN,2020-05-02,5
71,TUR,2020-05-02,3011
0,TWN,2020-05-02,1
0,TZA,2020-05-02,25
0,UGA,2020-05-02,0
15,UKR,2020-05-02,1502
0,URY,2020-05-02,2
3786,USA,2020-05-02,12710
0,UZB,2020-05-02,354
0,VAT,2020-05-02,0
0,VCT,2020-05-02,0
0,VEN,2020-05-02,0
0,VGB,2020-05-02,0
0,VIR,2020-05-02,0
0,VNM,2020-05-02,0
0,XKX,2020-05-02,144
0,YEM,2020-05-02,0
16,ZAF,2020-05-02,15
0,ZMB,2020-05-02,0
0,ZWE,2020-05-02,3
