countryterritoryCode,countriesAndTerritories,GDP per capita (current US$),Current health expenditure per capita (current US$),Population ages 65 and above (% of total population),Population density,Urban population (% of total population)
AFG,Afghanistan,520.896602719135,67.12265014648439,2.58492693988024,56.937760009803,25.495
ALB,Albania,5268.84850355919,,13.7447359109736,104.61226277372299,60.318999999999996
DZA,Algeria,4114.71506136896,258.494293212891,6.3624965449798605,17.7300750711665,72.62899999999999
AND,Andorra,42029.7627372989,4040.78662109375,,163.842553191489,88.06200000000001
AGO,Angola,3432.38573600893,114.45964050293001,2.21637364776329,24.713052057431604,65.514
ATG,Antigua_and_Barbuda,16726.9808079479,673.859680175781,8.79982551980558,218.83181818181802,24.599
ARG,Argentina,11683.949621636299,1324.603515625,11.1177888760774,16.2585100979651,91.87
ARM,Armenia,4212.0709427293705,407.635864257813,11.2538176570131,103.68022479803301,63.148999999999994
ABW,Aruba,25630.266492206898,,13.5509471396854,588.027777777778,43.411
AUS,Australia,57373.68668412809,5331.81787109375,15.656475227559099,3.24912948744283,86.012
AUT,Austria,51461.9547804677,4939.87548828125,19.0015664595899,107.20692666757799,58.297
AZE,Azerbaijan,4721.17808673142,275.809356689453,6.195182750714929,120.265319946776,55.68
BHS,Bahamas,32217.871590084,1771.53552246094,7.25760235662035,38.5254745254745,83.025
BHR,Bahrain,24050.7575053956,1127.18627929688,2.42633387832394,2017.27369979138,89.287
BGD,Bangladesh,1698.26280233547,36.2823371887207,5.15839063962068,1239.5793116693599,36.632
BRB,Barbados,17949.2815054371,1183.83618164063,15.802693962133802,666.606976744186,31.147
BLR,Belarus,6289.93855308212,342.499908447266,14.8451481743098,46.7287999040892,78.595
BEL,Belgium,47518.636038891396,4507.3564453125,18.7887437383395,377.21492734478204,98.001
BLZ,Belize,4884.74242133376,280.498809814453,4.736458776571441,16.7939938623411,45.724
BEN,Benin,901.5438712063569,30.7664470672607,3.25360529746338,101.853919829727,47.312
BMU,Bermuda,85748.0654143782,,,1184.59257167194,100.0
BTN,Bhutan,3243.23112508014,96.7993011474609,6.003011712805611,19.7775277714448,40.895
BOL,Bolivia,3548.5901397933794,220.274566650391,7.19194739218447,10.4801458506416,69.425
BIH,Bosnia_and_Herzegovina,6065.67270824158,460.473327636719,16.4703174710621,64.92048828125,48.245
BWA,Botswana,8258.641665746909,465.929321289063,4.22387434629301,3.9774248760432704,69.446
BRA,Brazil,8920.76210462979,928.79931640625,8.92283783244003,25.061716243087602,86.569
VGB,British_Virgin_Islands,,,,198.68,47.723
BRN,Brunei_Darussalam,31628.328791434902,671.4114990234381,4.8731475675058205,81.39696394686909,77.62899999999999
BGR,Bulgaria,9272.62930360848,663.715087890625,21.021914434268,64.7035372144436,75.008
BFA,Burkina_Faso,715.12290404614,44.403491973877,2.4069808286635497,72.1912828947368,29.358
BDI,Burundi,271.752044376648,23.500432968139602,2.24694046033717,435.17827102803705,13.032
KHM,Cambodia,1510.3248705764001,82.07586669921879,4.56868001756576,92.05641287106279,23.388
CMR,Cameroon,1533.74213975885,67.8118133544922,2.7288773552405696,53.3439889149796,56.373999999999995
CAN,Canada,46232.989622696696,4754.94775390625,17.232006678865098,4.07530821431988,81.411
CPV,Cape_Verde,3635.40684982339,167.589614868164,4.60932715666821,134.92977667493798,65.732
CYM,Cayman_Islands,81124.5134794821,,,267.391666666667,100.0
CAF,Central_African_Republic,475.721250544318,24.1500549316406,2.82577370666008,7.490412212270059,41.364
TCD,Chad,728.343235359289,29.730863571167003,2.4805189443490097,12.2917336404066,23.059
CHL,Chile,15923.358737538101,1381.98620605469,11.529801656881599,25.189446066651897,87.564
CHN,China,9770.84708783314,440.825622558594,10.9208835350654,148.348833270666,59.152
COL,Colombia,6667.7906995498,459.197570800781,8.47804701986958,44.7487021180712,80.778
COG,Congo,2147.76946104594,49.9837226867676,2.68171953903232,15.3568462664715,66.916
CRI,Costa_Rica,12027.365882631599,869.077758789063,9.54984767296984,97.91306306306309,79.34
CIV,Cote_dIvoire,1715.5313321264903,69.74924468994139,2.85894301500285,78.8340534591195,50.778999999999996
HRV,Croatia,14909.6931860854,902.1396484375,20.445433012423,73.0771979985704,56.946999999999996
CUB,Cuba,8821.81889125004,987.6270141601559,15.1862114171521,108.99959623149401,77.03699999999999
CUW,Cura√ßao,19567.8924351055,,16.6848948092804,360.754504504505,89.145
CYP,Cyprus,28689.6985789646,1731.69445800781,13.719061773448301,128.708333333333,66.81
CZE,Czechia,23078.5734865691,1475.91516113281,19.4208768932343,137.602887852888,73.792
COD,Democratic_Republic_of_the_Congo,561.7771823904251,19.4316463470459,3.0178406215980296,37.0825923557045,44.46
DNK,Denmark,61350.3479093986,5800.1513671875,19.8129526369902,138.067301738509,87.874
DJI,Djibouti,3082.5430987195696,70.3308944702148,4.52757937811482,41.368421052631604,77.777
DMA,Dominica,7691.34509727878,439.59445190429705,,95.5,70.483
DOM,Dominican_Republic,8050.63160184635,433.208587646484,7.08281747649721,219.97857586421,81.074
ECU,Ecuador,6344.87197850057,518.029602050781,7.15728972666108,68.7886817522951,63.821000000000005
EGY,Egypt,2549.13225178609,105.768455505371,5.229779346209231,98.8734692852479,42.70399999999999
SLV,El_Salvador,4058.2524392811797,282.49102783203097,8.28709000480629,309.88146718146703,72.023
GNQ,Equatorial_Guinea,10261.7600116887,301.150054931641,2.4578773467789703,46.6657397504456,72.143
ERI,Eritrea,811.376028602108,32.911998748779304,4.08385636215873,31.8215049504951,35.771
EST,Estonia,23266.346271875096,1300.48168945313,19.626356846974897,30.386105360018398,68.88
SWZ,Eswatini,4145.97411168691,224.736770629883,4.01458794083506,66.05761627906979,23.799
ETH,Ethiopia,772.313530261357,25.261953353881804,3.5011329976098597,109.22455900000001,20.763
FRO,Faroe_Islands,55822.9147203438,,,34.7399698278226,42.06399999999999
FJI,Fiji,6266.96796528074,188.41432189941398,5.449680412639519,48.3570333880679,56.248000000000005
FIN,Finland,50152.340141130306,4205.74267578125,21.7207875455222,18.1568556480537,85.382
FRA,France,41463.644022703396,4379.72705078125,20.0346247469881,122.33839573919902,80.444
PYF,French_Polynesia,14323.820820245,,8.29050810468202,75.8685792349727,61.833999999999996
GAB,Gabon,7952.525892776509,204.492248535156,3.5639074683559198,8.224764233321691,89.37
GMB,Gambia,716.118488979126,23.272325515747102,2.5899809393823197,225.30652173912998,61.27
GEO,Georgia,4717.143025735771,293.053588867188,14.865491431052499,65.2752020714511,58.632
DEU,Germany,47603.0276328757,5033.4521484375,21.4619619953309,237.3709697733,77.312
GHA,Ghana,2202.31216442504,66.74941253662111,3.0688980069339595,130.821429199262,56.06
GIB,Gibraltar,,,,3371.8,100.0
GRC,Greece,20324.2535641478,1516.58776855469,21.6552720778435,83.22473235065941,79.058
GRL,Greenland,48181.874188064,,,0.136496528200755,86.816
GRD,Grenada,10640.496760331,497.23605346679705,9.62190679562869,327.805882352941,36.272
GUM,Guam,35712.5621350321,,9.849910718594659,306.977777777778,94.78
GTM,Guatemala,4549.01008110721,259.935028076172,4.81207250828785,160.953779395297,51.053999999999995
GGY,Guernsey,,,,,
GIN,Guinea,878.599613250501,33.7201118469238,2.9260224484793502,50.5222122741332,36.14
GNB,Guinea_Bissau,777.969921802522,52.3594093322754,2.8237163361526902,66.6539473684211,43.36
GUY,Guyana,4979.00218839886,230.527282714844,6.45027124309697,3.9573482346964703,26.605999999999998
HTI,Haiti,868.34202469407,62.3532791137695,4.94940384843253,403.59854862118993,55.278
VAT,Holy_See,,,,,
HND,Honduras,2500.1132128602303,195.935745239258,4.69061765907812,85.6870319063366,57.096000000000004
HUN,Hungary,16161.9805101918,981.4230346679691,19.1577253832321,107.906605545123,71.351
ISL,Iceland,73191.1163154337,6086.3115234375,14.795092556568902,3.52692269326683,93.81299999999999
IND,India,2009.9788572703897,69.293098449707,6.1799556494714905,454.93807257524696,34.03
IDN,Indonesia,3893.59607757239,114.971786499023,5.857165612728631,147.75219008926,55.325
IRN,Iran,5627.7492684545605,475.47994995117205,6.18457380562499,50.222420123283996,74.898
IRQ,Iraq,5834.166210760611,210.31370544433602,3.3235996627950497,88.53057003546171,70.473
IRL,Ireland,78806.431996268,4976.8623046875,13.8658017012923,70.452983016403,63.17
IMN,Isle_of_Man,80989.17221145019,,,147.50350877193,52.588
ISR,Israel,41715.0292840432,3144.62622070313,11.9769860249625,410.526802218115,92.41799999999999
ITA,Italy,34483.2039992043,2840.13061523438,22.7516796025077,205.45074794315602,70.438
JAM,Jamaica,5354.2368587703,307.196044921875,8.79664255070196,270.993074792244,55.674
JPN,Japan,39289.9584346358,4168.986328125,27.576369910355,347.07345841562403,91.616
JEY,Jersey,,,,,
JOR,Jordan,4241.78878213854,340.66180419921903,3.8464903979983402,112.14249831043001,90.979
KAZ,Kazakhstan,9812.60113654067,279.64532470703097,7.39184627103032,6.76982590658221,57.428000000000004
KEN,Kenya,1710.51009699405,76.6103210449219,2.33918661191556,90.29941666373828,27.03
XKX,Kosovo,4302.27648252378,,,168.154679893451,
KWT,Kuwait,33994.4065667831,1529.07763671875,2.55047238400198,232.172222222222,100.0
KGZ,Kyrgyzstan,1281.36366078545,78.8228378295898,4.494727975596559,32.9290928050052,36.351
LAO,Laos,2542.4865281792,62.1246337890625,4.075149964448101,30.5957842287695,35.004
LVA,Latvia,17860.6171980214,930.3523559570309,20.0436203206809,30.9833065294307,68.142
LBN,Lebanon,8269.78767551923,719.443481445313,7.002368134392941,669.4941348973609,88.59299999999999
LBR,Liberia,677.322178545364,56.599029541015604,3.25343179968014,50.030907392026606,51.151
LBY,Libya,7241.70448113024,312.57733154296903,4.39204025898401,3.7956323811905404,80.102
LIE,Liechtenstein,165028.245029187,,,236.9375,14.338
LTU,Lithuania,19153.4089860651,1078.17919921875,19.7050331564608,44.5313513780643,67.679
LUX,Luxembourg,116639.88804711,5782.62841796875,14.183154184147199,250.09382716049402,90.98100000000001
MDG,Madagascar,527.501285041282,24.670837402343803,2.98671712579162,45.1398556204881,37.191
MWI,Malawi,389.398033178836,32.2593841552734,2.64543493031032,192.440761561307,16.937
MYS,Malaysia,11373.2330025676,384.066070556641,6.67175462547886,95.9628214883579,76.036
MDV,Maldives,10330.615614094,1006.93878173828,3.70334460612454,1718.9866666666699,39.808
MLI,Mali,899.659908096615,31.3781051635742,2.50722975755683,15.635015858186,42.356
MLT,Malta,30098.2833099975,2585.56396484375,20.3493242997122,1511.03125,94.61200000000001
MRT,Mauritania,1188.8345875397301,48.8171310424805,3.14111215805009,4.27216357815077,53.672
MUS,Mauritius,11238.6903948961,599.699768066406,11.474173068652199,623.30197044335,40.793
MEX,Mexico,9673.44367360619,494.677642822266,7.2236849808719805,64.9146264050001,80.156
MDA,Moldova,3227.3121916043,191.18577575683602,11.469556341351199,123.51980353223999,42.629
MCO,Monaco,185741.27999158698,2932.421875,,19196.0,100.0
MNG,Mongolia,4121.73243469391,148.78445434570298,4.083538787262451,2.0406086665465097,68.445
MNE,Montenegro,8844.23698538056,,14.9749366447439,46.271003717472105,66.813
MSR,Montserrat,,,,,
MAR,Morocco,3222.20063433213,161.01086425781298,7.0129048211122,80.72851893345279,62.453
MOZ,Mozambique,498.95722020865196,21.0711555480957,2.8907644574499,37.508535313716,35.988
MMR,Myanmar,1325.9529237064,58.0439567565918,5.7846419325720895,82.23861548355491,30.579
NAM,Namibia,5931.453886116171,447.280639648438,3.6360316807451403,2.9737455817512704,50.032
NPL,Nepal,1033.91243082634,47.9153633117676,5.72767077569198,195.939107080572,19.74
NLD,Netherlands,53024.05921305309,4911.4404296875,19.1961926333387,511.45791035915704,91.49
NCL,New_Caledonia,12579.595105586399,,9.174157925376711,15.5393873085339,70.683
NZL,New_Zealand,41945.3316690932,3937.22192382813,15.652424527174098,18.5541756864532,86.538
NIC,Nicaragua,2028.8947553936898,192.083389282227,5.24749744838026,53.7270483629716,58.522
NER,Niger,413.980304962089,29.2616500854492,2.5950078826985297,17.717650588142398,16.425
NGA,Nigeria,2028.1819701759803,73.9249801635742,2.7473770053274302,215.06498896538102,50.343999999999994
MKD,North_Macedonia,6083.71894832148,328.419799804688,13.6701813815648,82.59151467089609,57.963
MNP,Northern_Mariana_Islands,23258.675855279398,,,123.65652173913,91.618
NOR,Norway,81697.2459836768,7936.375,17.0492221563211,14.554919537497499,82.24799999999999
OMN,Oman,16415.157278098897,587.646301269531,2.39278695625796,15.6041453957997,84.539
PAK,Pakistan,1482.40306306798,44.5929641723633,4.312774311337559,275.28931870070596,36.666
PSE,Palestine,3198.86664447405,,3.13330573708009,758.984551495017,76.164
PAN,Panama,15575.072548291499,1112.30322265625,8.104731079667571,56.1860774818402,67.709
PNG,Papua_New_Guinea,2730.27479935873,61.45783996582029,3.4452692514561702,19.004363379410897,13.169
PRY,Paraguay,5821.81432292324,381.11306762695295,6.4302150094608095,17.5083589227284,61.585
PER,Peru,6941.235847630121,332.570922851563,8.08839279183076,24.99160625,77.907
PHL,Philippines,3102.7133632993105,132.900985717773,5.12256876829946,357.688305329175,46.907
POL,Poland,15420.911163429499,906.8201293945309,17.5178167625452,124.035886214442,60.058
PRT,Portugal,23407.906588796803,1908.0339355468802,21.9538575375873,112.23945350806999,65.211
PRI,Puerto_Rico,31651.3481514031,,18.674850210356897,360.220180383315,93.57799999999999
QAT,Qatar,68793.78443726139,1649.18615722656,1.3700703387375,239.59319552110298,99.135
ROU,Romania,12301.1864034302,555.104736328125,18.338701393829602,84.6398470097357,53.998000000000005
RUS,Russia,11288.8784475021,585.873229980469,14.6747083203719,8.82207955488442,74.433
RWA,Rwanda,772.944459929187,49.2044563293457,2.9381960775388,498.659870287799,17.211
KNA,Saint_Kitts_and_Nevis,19275.4185126566,902.6589965820309,,201.69615384615398,30.776
LCA,Saint_Lucia,10566.0497458462,460.06881713867205,9.806530356426169,298.17868852459,18.678
VCT,Saint_Vincent_and_the_Grenadines,7361.4009618002,320.593292236328,9.58978686338024,282.589743589744,52.198
SMR,San_Marino,48494.5514112427,3361.64477539063,,563.083333333333,97.226
STP,Sao_Tome_and_Principe,2001.1409022616397,119.695655822754,2.9256781090661,219.820833333333,72.803
SAU,Saudi_Arabia,23338.9634580718,1093.40551757813,3.31408802294981,15.6766543082956,83.844
SEN,Senegal,1521.95355421391,55.0140380859375,3.08682370101833,82.3474783150678,47.192
SRB,Serbia,7246.73165586437,528.545166015625,18.3457926916963,79.8317402241024,56.092
SYC,Seychelles,16433.9352865158,791.6566772460941,7.5945456043503405,210.35217391304298,56.691
SLE,Sierra_Leone,533.991184258936,66.4021835327148,2.96655621131612,105.987170961485,42.055
SGP,Singapore,64581.9440183954,2618.71240234375,11.4633801933791,7952.9984184018,100.0
SXM,Sint_Maarten,,,,1193.3529411764698,100.0
SVK,Slovakia,19442.705762069298,1186.13635253906,15.629246504777,113.290578202995,53.726000000000006
SVN,Slovenia,26123.9738694646,1920.28186035156,19.6068796541788,102.639859503382,54.541000000000004
SOM,Somalia,314.544165670763,,2.8733109429455603,23.923476902477102,44.971000000000004
ZAF,South_Africa,6374.02819575944,499.237548828125,5.31800500542302,47.630119776768396,66.355
KOR,South_Korea,31362.75147294,2283.07470703125,14.418555832396901,529.652103632681,81.459
SSD,South_Sudan,1119.65133182314,22.888572692871104,3.39848287985152,,19.615
ESP,Spain,30370.8923252247,2506.46484375,19.3785075224995,93.5290582615872,80.321
LKA,Sri_Lanka,4102.481350144671,159.48474121093798,10.4732197537841,345.558922022006,18.476
SDN,Sudan,977.273635724417,193.793045043945,3.58116052825144,,34.641999999999996
SUR,Suriname,6234.04492230646,339.327972412109,6.90636990225525,3.69225,66.06
SWE,Sweden,54608.3602546906,5904.583984375,20.0955249278002,25.001043431293102,87.431
CHE,Switzerland,82796.54716312849,9956.259765625,18.6232165647717,215.521378417094,73.797
SYR,Syria,2032.6234893270102,69.89218902587889,4.50312442147583,92.0671077710614,54.162
TWN,Taiwan,,,,,
THA,Thailand,7273.563207320921,247.035110473633,11.9008931395893,135.897206835131,49.949
TLS,Timor_Leste,2035.5339076888101,83.1977081298828,4.31649229400603,85.270477471419,30.578000000000003
TGO,Togo,679.257083602874,38.048713684081996,2.8694680110882205,145.04677330391598,41.702
TTO,Trinidad_and_Tobago,17129.9130902577,1124.09167480469,10.7349535163324,270.927485380117,53.184
TUN,Tunisia,3447.5079097555104,250.562225341797,8.315679078988769,74.44132337796091,68.945
TUR,Turkey,9370.1763438282,444.653686523438,8.4832129399716,106.960128893104,75.143
TCA,Turks_and_Caicos_islands,27142.2277976902,,,39.647368421052605,93.098
UGA,Uganda,642.776744292007,38.426441192627,1.9409869204631698,213.06173449032502,23.774
UKR,Ukraine,3095.17358053586,177.408889770508,16.434686439201602,77.02966735141291,69.352
ARE,United_Arab_Emirates,43004.9533584848,1357.01745605469,1.0850009848448101,135.609110109828,86.522
GBR,United_Kingdom,42943.9022698053,3858.67431640625,18.395865674146602,274.82739222089003,83.398
TZA,United_Republic_of_Tanzania,1060.99461489421,33.916576385498,2.60129917835952,63.579078798825904,33.775999999999996
USA,United_States_of_America,62794.5856522398,10246.138671875,15.8076540556035,35.766088580168,82.256
VIR,United_States_Virgin_Islands,35938.0243875154,,19.288307222009898,305.648571428571,95.721
URY,Uruguay,17277.9701105496,1591.533203125,14.8145195308593,19.7080276539824,95.334
UZB,Uzbekistan,1532.37167679684,98.82457733154301,4.419137878136401,77.46920545369059,50.478
VEN,Venezuela,16054.490513096202,94.22937774658199,7.266986620125969,32.7307919052208,88.208
VNM,Vietnam,2566.59694958511,129.57595825195298,7.2749782978793,308.12524591221296,35.919000000000004
YEM,Yemen,944.4084993734191,72.0394668579102,2.87626975604452,53.9778529083092,36.641999999999996
ZMB,Zambia,1539.9001577990698,67.6486663818359,2.09967802593266,23.341478900711603,43.521
ZWE,Zimbabwe,2146.99638487707,110.149620056152,2.9395236530011295,37.3245909267158,32.209
