,Deaths,Country,Date,Cases
0,0,ABW,2020-04-19,0
1,3,AFG,2020-04-19,74
2,0,AGO,2020-04-19,2
3,0,ALB,2020-04-19,0
4,0,AND,2020-04-19,2
5,5,ARE,2020-04-19,698
6,7,ARG,2020-04-19,42
7,1,ARM,2020-04-19,0
8,0,ATG,2020-04-19,2
9,6,AUS,2020-04-19,39
10,13,AUT,2020-04-19,21
11,1,AZE,2020-04-19,85
12,0,BDI,2020-04-19,0
13,380,BEL,2020-04-19,721
14,0,BEN,2020-04-19,3
15,0,BFA,2020-04-19,24
16,5,BGD,2020-04-19,453
17,1,BGR,2020-04-19,0
18,0,BHR,2020-04-19,160
19,0,BHS,2020-04-19,2
20,0,BIH,2020-04-19,15
21,3,BLR,2020-04-19,420
22,0,BLZ,2020-04-19,4
23,0,BMU,2020-04-19,1
24,2,BOL,2020-04-19,35
25,163,BRA,2020-04-19,1459
26,0,BRB,2020-04-19,3
27,0,BRN,2020-04-19,3
28,0,BTN,2020-04-19,0
29,0,BWA,2020-04-19,1
30,0,CAF,2020-04-19,0
31,131,CAN,2020-04-19,383
32,3,CHE,2020-04-19,426
33,4,CHL,2020-04-19,237
34,0,CHN,2020-04-19,0
35,0,CIV,2020-04-19,50
36,0,CMR,2020-04-19,0
37,0,COD,2020-04-19,0
38,0,COG,2020-04-19,0
39,14,COL,2020-04-19,199
40,0,CPV,2020-04-19,10
41,0,CRI,2020-04-19,14
42,2,CUB,2020-04-19,63
43,0,CUW,2020-04-19,0
44,0,CYM,2020-04-19,0
45,0,CYP,2020-04-19,48
46,11,CZE,2020-04-19,170
47,136,DEU,2020-04-19,1818
48,0,DJI,2020-04-19,125
49,0,DMA,2020-04-19,0
50,8,DNK,2020-04-19,549
51,18,DOM,2020-04-19,41
52,14,DZA,2020-04-19,0
53,18,ECU,2020-04-19,872
54,22,EGY,2020-04-19,275
55,0,ERI,2020-04-19,1
56,244,ESP,2020-04-19,0
57,0,EST,2020-04-19,50
58,0,ETH,2020-04-19,7
59,4,FIN,2020-04-19,178
60,0,FJI,2020-04-19,1
61,696,FRA,2020-04-19,4260
62,0,FRO,2020-04-19,3
63,0,GAB,2020-04-19,13
64,765,GBR,2020-04-19,6123
65,0,GEO,2020-04-19,13
66,0,GGY,2020-04-19,11
67,0,GHA,2020-04-19,105
68,0,GIB,2020-04-19,4
69,0,GIN,2020-04-19,42
70,0,GMB,2020-04-19,0
71,0,GNB,2020-04-19,0
72,0,GNQ,2020-04-19,13
73,5,GRC,2020-04-19,133
74,0,GRD,2020-04-19,0
75,0,GRL,2020-04-19,0
76,0,GTM,2020-04-19,25
77,0,GUM,2020-04-19,9
78,0,GUY,2020-04-19,1
79,5,HND,2020-04-19,0
80,2,HRV,2020-04-19,20
81,0,HTI,2020-04-19,2
82,18,HUN,2020-04-19,135
83,44,IDN,2020-04-19,340
84,0,IMN,2020-04-19,10
85,47,IND,2020-04-19,1437
86,23,IRL,2020-04-19,1331
87,57,IRN,2020-04-19,4431
88,3,IRQ,2020-04-19,101
89,0,ISL,2020-04-19,74
90,6,ISR,2020-04-19,244
91,53,ITA,2020-04-19,0
92,0,JAM,2020-04-19,21
93,1,JEY,2020-04-19,13
94,0,JOR,2020-04-19,0
95,0,JPN,2020-04-19,953
96,2,KAZ,2020-04-19,87
97,0,KEN,2020-04-19,0
98,0,KGZ,2020-04-19,44
99,0,KHM,2020-04-19,0
100,0,KNA,2020-04-19,0
101,6,KOR,2020-04-19,0
102,0,KWT,2020-04-19,233
103,0,LAO,2020-04-19,2
104,2,LBN,2020-04-19,0
105,0,LBR,2020-04-19,4
106,0,LBY,2020-04-19,6
107,0,LCA,2020-04-19,0
108,0,LIE,2020-04-19,0
109,0,LKA,2020-04-19,0
110,2,LTU,2020-04-19,0
111,6,LUX,2020-04-19,0
112,0,LVA,2020-04-19,13
113,7,MAR,2020-04-19,0
114,0,MCO,2020-04-19,6
115,2,MDA,2020-04-19,152
116,0,MDG,2020-04-19,1
117,0,MDV,2020-04-19,0
118,57,MEX,2020-04-19,519
119,2,MKD,2020-04-19,35
120,1,MLI,2020-04-19,20
121,0,MLT,2020-04-19,29
122,0,MMR,2020-04-19,14
123,0,MNE,2020-04-19,8
124,0,MNG,2020-04-19,3
125,0,MNP,2020-04-19,0
126,0,MOZ,2020-04-19,4
127,0,MRT,2020-04-19,0
128,0,MSR,2020-04-19,1
129,0,MUS,2020-04-19,26
130,0,MWI,2020-04-19,1
131,0,MYS,2020-04-19,110
132,0,NAM,2020-04-19,1
133,0,NCL,2020-04-19,0
134,0,NER,2020-04-19,17
135,0,NGA,2020-04-19,0
136,0,NIC,2020-04-19,2
137,17,NLD,2020-04-19,521
138,15,NOR,2020-04-19,228
139,0,NPL,2020-04-19,4
140,1,NZL,2020-04-19,11
141,0,OMN,2020-04-19,166
142,11,PAK,2020-04-19,274
143,2,PAN,2020-04-19,169
144,17,PER,2020-04-19,2178
145,37,PHL,2020-04-19,0
146,0,PNG,2020-04-19,0
147,21,POL,2020-04-19,306
148,3,PRI,2020-04-19,34
149,21,PRT,2020-04-19,604
150,0,PRY,2020-04-19,0
151,0,PSE,2020-04-19,28
152,0,PYF,2020-04-19,0
153,0,QAT,2020-04-19,387
154,24,ROU,2020-04-19,271
155,37,RUS,2020-04-19,4546
156,0,RWA,2020-04-19,0
157,4,SAU,2020-04-19,420
158,0,SDN,2020-04-19,7
159,0,SEN,2020-04-19,0
160,0,SGP,2020-04-19,673
161,0,SLE,2020-04-19,4
162,0,SLV,2020-04-19,8
163,0,SMR,2020-04-19,0
164,0,SOM,2020-04-19,20
165,0,SRB,2020-04-19,268
166,0,SSD,2020-04-19,0
167,0,STP,2020-04-19,0
168,0,SUR,2020-04-19,0
169,0,SVK,2020-04-19,0
170,3,SVN,2020-04-19,13
171,49,SWE,2020-04-19,671
172,0,SWZ,2020-04-19,0
173,0,SXM,2020-04-19,2
174,0,SYC,2020-04-19,0
175,0,SYR,2020-04-19,0
176,0,TCA,2020-04-19,0
177,0,TCD,2020-04-19,5
178,0,TGO,2020-04-19,6
179,3,THA,2020-04-19,73
180,0,TLS,2020-04-19,3
181,0,TTO,2020-04-19,0
182,3,TUN,2020-04-19,0
183,80,TUR,2020-04-19,4697
184,0,TWN,2020-04-19,17
185,0,TZA,2020-04-19,25
186,0,UGA,2020-04-19,0
187,14,UKR,2020-04-19,482
188,0,URY,2020-04-19,0
189,2209,USA,2020-04-19,20596
190,0,UZB,2020-04-19,238
191,0,VAT,2020-04-19,0
192,0,VCT,2020-04-19,1
193,0,VEN,2020-04-19,0
194,0,VGB,2020-04-19,0
195,0,VIR,2020-04-19,3
196,0,VNM,2020-04-19,8
197,0,XKX,2020-04-19,68
198,0,YEM,2020-04-19,0
199,4,ZAF,2020-04-19,0
200,0,ZMB,2020-04-19,0
201,0,ZWE,2020-04-19,3
202,0,ABW,2020-04-20,1
203,3,AFG,2020-04-20,56
204,0,AGO,2020-04-20,0
205,0,ALB,2020-04-20,12
206,1,AND,2020-04-20,7
207,4,ARE,2020-04-20,416
208,6,ARG,2020-04-20,70
209,2,ARM,2020-04-20,25
210,0,ATG,2020-04-20,0
211,2,AUS,2020-04-20,21
212,14,AUT,2020-04-20,75
213,1,AZE,2020-04-20,51
214,0,BDI,2020-04-20,0
215,341,BEL,2020-04-20,1096
216,0,BEN,2020-04-20,1
217,1,BFA,2020-04-20,13
218,5,BGD,2020-04-20,497
219,2,BGR,2020-04-20,16
220,0,BHR,2020-04-20,160
221,0,BHS,2020-04-20,2
222,0,BIH,2020-04-20,31
223,3,BLR,2020-04-20,482
224,0,BLZ,2020-04-20,1
225,0,BMU,2020-04-20,4
226,1,BOL,2020-04-20,37
227,209,BRA,2020-04-20,2372
228,0,BRB,2020-04-20,1
229,0,BRN,2020-04-20,0
230,0,BTN,2020-04-20,0
231,0,BWA,2020-04-20,0
232,0,CAF,2020-04-20,0
233,154,CAN,2020-04-20,1100
234,27,CHE,2020-04-20,286
235,7,CHL,2020-04-20,353
236,1,CHN,2020-04-20,0
237,0,CIV,2020-04-20,42
238,1,CMR,2020-04-20,5
239,0,COD,2020-04-20,9
240,0,COG,2020-04-20,15
241,11,COL,2020-04-20,156
242,0,CPV,2020-04-20,10
243,0,CRI,2020-04-20,10
244,3,CUB,2020-04-20,57
245,0,CUW,2020-04-20,0
246,0,CYM,2020-04-20,1
247,1,CYP,2020-04-20,22
248,6,CZE,2020-04-20,99
249,219,DEU,2020-04-20,2138
250,0,DJI,2020-04-20,125
251,0,DMA,2020-04-20,0
252,10,DNK,2020-04-20,257
253,9,DOM,2020-04-20,195
254,11,DZA,2020-04-20,65
255,16,ECU,2020-04-20,425
256,14,EGY,2020-04-20,221
257,0,ERI,2020-04-20,0
258,333,ESP,2020-04-20,2690
259,1,EST,2020-04-20,26
260,0,ETH,2020-04-20,5
261,5,FIN,2020-04-20,120
262,0,FJI,2020-04-20,0
263,697,FRA,2020-04-20,2383
264,0,FRO,2020-04-20,0
265,0,GAB,2020-04-20,13
266,739,GBR,2020-04-20,5265
267,0,GEO,2020-04-20,23
268,0,GGY,2020-04-20,3
269,0,GHA,2020-04-20,48
270,0,GIB,2020-04-20,1
271,0,GIN,2020-04-20,43
272,0,GMB,2020-04-20,0
273,0,GNB,2020-04-20,0
274,0,GNQ,2020-04-20,13
275,2,GRC,2020-04-20,35
276,0,GRD,2020-04-20,0
277,0,GRL,2020-04-20,0
278,0,GTM,2020-04-20,23
279,0,GUM,2020-04-20,2
280,0,GUY,2020-04-20,3
281,5,HND,2020-04-20,6
282,2,HRV,2020-04-20,31
283,0,HTI,2020-04-20,2
284,17,HUN,2020-04-20,100
285,38,IDN,2020-04-20,394
286,0,IMN,2020-04-20,10
287,41,IND,2020-04-20,1252
288,36,IRL,2020-04-20,1123
289,79,IRN,2020-04-20,1920
290,1,IRQ,2020-04-20,40
291,0,ISL,2020-04-20,16
292,8,ISR,2020-04-20,244
293,364,ITA,2020-04-20,2249
294,0,JAM,2020-04-20,21
295,1,JEY,2020-04-20,4
296,0,JOR,2020-04-20,2
297,8,JPN,2020-04-20,953
298,1,KAZ,2020-04-20,121
299,1,KEN,2020-04-20,4
300,0,KGZ,2020-04-20,25
301,0,KHM,2020-04-20,0
302,0,KNA,2020-04-20,0
303,4,KOR,2020-04-20,2
304,0,KWT,2020-04-20,169
305,0,LAO,2020-04-20,0
306,0,LBN,2020-04-20,6
307,0,LBR,2020-04-20,5
308,0,LBY,2020-04-20,5
309,0,LCA,2020-04-20,0
310,0,LIE,2020-04-20,0
311,0,LKA,2020-04-20,4
312,3,LTU,2020-04-20,16
313,2,LUX,2020-04-20,20
314,0,LVA,2020-04-20,7
315,3,MAR,2020-04-20,145
316,0,MCO,2020-04-20,1
317,4,MDA,2020-04-20,124
318,0,MDG,2020-04-20,2
319,0,MDV,2020-04-20,0
320,58,MEX,2020-04-20,545
321,2,MKD,2020-04-20,57
322,1,MLI,2020-04-20,22
323,0,MLT,2020-04-20,15
324,0,MMR,2020-04-20,14
325,0,MNE,2020-04-20,4
326,0,MNG,2020-04-20,3
327,0,MNP,2020-04-20,0
328,0,MOZ,2020-04-20,3
329,0,MRT,2020-04-20,0
330,0,MSR,2020-04-20,0
331,0,MUS,2020-04-20,4
332,0,MWI,2020-04-20,1
333,1,MYS,2020-04-20,96
334,0,NAM,2020-04-20,0
335,0,NCL,2020-04-20,0
336,0,NER,2020-04-20,11
337,1,NGA,2020-04-20,18
338,0,NIC,2020-04-20,1
339,97,NLD,2020-04-20,833
340,7,NOR,2020-04-20,73
341,0,NPL,2020-04-20,4
342,1,NZL,2020-04-20,4
343,0,OMN,2020-04-20,133
344,11,PAK,2020-04-20,404
345,5,PAN,2020-04-20,174
346,22,PER,2020-04-20,1844
347,28,PHL,2020-04-20,134
348,0,PNG,2020-04-20,0
349,21,POL,2020-04-20,324
350,3,PRI,2020-04-20,34
351,26,PRT,2020-04-20,444
352,0,PRY,2020-04-20,7
353,0,PSE,2020-04-20,9
354,0,PYF,2020-04-20,1
355,0,QAT,2020-04-20,482
356,18,ROU,2020-04-20,325
357,47,RUS,2020-04-20,5123
358,0,RWA,2020-04-20,1
359,5,SAU,2020-04-20,648
360,0,SDN,2020-04-20,4
361,0,SEN,2020-04-20,6
362,0,SGP,2020-04-20,673
363,0,SLE,2020-04-20,4
364,0,SLV,2020-04-20,8
365,0,SMR,2020-04-20,8
366,0,SOM,2020-04-20,20
367,2,SRB,2020-04-20,424
368,0,SSD,2020-04-20,0
369,0,STP,2020-04-20,0
370,0,SUR,2020-04-20,0
371,0,SVK,2020-04-20,42
372,2,SVN,2020-04-20,17
373,82,SWE,2020-04-20,596
374,0,SWZ,2020-04-20,0
375,0,SXM,2020-04-20,0
376,0,SYC,2020-04-20,0
377,0,SYR,2020-04-20,1
378,0,TCA,2020-04-20,1
379,0,TCD,2020-04-20,5
380,0,TGO,2020-04-20,2
381,1,THA,2020-04-20,22
382,0,TLS,2020-04-20,3
383,0,TTO,2020-04-20,0
384,1,TUN,2020-04-20,14
385,104,TUR,2020-04-20,4422
386,0,TWN,2020-04-20,2
387,0,TZA,2020-04-20,25
388,0,UGA,2020-04-20,0
389,12,UKR,2020-04-20,623
390,0,URY,2020-04-20,6
391,3187,USA,2020-04-20,24313
392,0,UZB,2020-04-20,176
393,0,VAT,2020-04-20,0
394,0,VCT,2020-04-20,0
395,0,VEN,2020-04-20,2
396,0,VGB,2020-04-20,0
397,0,VIR,2020-04-20,0
398,0,VNM,2020-04-20,2
399,1,XKX,2020-04-20,52
400,0,YEM,2020-04-20,0
401,6,ZAF,2020-04-20,40
402,0,ZMB,2020-04-20,0
403,0,ZWE,2020-04-20,3
404,0,ABW,2020-04-21,1
405,3,AFG,2020-04-21,56
406,0,AGO,2020-04-21,0
407,0,ALB,2020-04-21,12
408,0,AND,2020-04-21,7
409,4,ARE,2020-04-21,414
410,6,ARG,2020-04-21,67
411,1,ARM,2020-04-21,24
412,0,ATG,2020-04-21,1
413,2,AUS,2020-04-21,17
414,13,AUT,2020-04-21,67
415,0,AZE,2020-04-21,49
416,0,BDI,2020-04-21,0
417,338,BEL,2020-04-21,1053
418,0,BEN,2020-04-21,1
419,1,BFA,2020-04-21,11
420,5,BGD,2020-04-21,590
421,2,BGR,2020-04-21,16
422,0,BHR,2020-04-21,160
423,0,BHS,2020-04-21,1
424,1,BIH,2020-04-21,31
425,3,BLR,2020-04-21,483
426,0,BLZ,2020-04-21,2
427,0,BMU,2020-04-21,5
428,1,BOL,2020-04-21,38
429,217,BRA,2020-04-21,2428
430,0,BRB,2020-04-21,1
431,0,BRN,2020-04-21,0
432,0,BTN,2020-04-21,0
433,0,BWA,2020-04-21,0
434,0,CAF,2020-04-21,0
435,164,CAN,2020-04-21,1054
436,25,CHE,2020-04-21,263
437,7,CHL,2020-04-21,342
438,0,CHN,2020-04-21,1
439,0,CIV,2020-04-21,42
440,2,CMR,2020-04-21,5
441,1,COD,2020-04-21,9
442,0,COG,2020-04-21,17
443,11,COL,2020-04-21,154
444,0,CPV,2020-04-21,10
445,0,CRI,2020-04-21,10
446,3,CUB,2020-04-21,57
447,0,CUW,2020-04-21,0
448,0,CYM,2020-04-21,0
449,0,CYP,2020-04-21,20
450,6,CZE,2020-04-21,92
451,215,DEU,2020-04-21,1987
452,0,DJI,2020-04-21,125
453,0,DMA,2020-04-21,0
454,9,DNK,2020-04-21,254
455,10,DOM,2020-04-21,193
456,10,DZA,2020-04-21,62
457,14,ECU,2020-04-21,422
458,14,EGY,2020-04-21,232
459,0,ERI,2020-04-21,0
460,307,ESP,2020-04-21,2484
461,1,EST,2020-04-21,26
462,0,ETH,2020-04-21,6
463,6,FIN,2020-04-21,118
464,0,FJI,2020-04-21,1
465,662,FRA,2020-04-21,2256
466,0,FRO,2020-04-21,0
467,0,GAB,2020-04-21,13
468,712,GBR,2020-04-21,5185
469,0,GEO,2020-04-21,24
470,0,GGY,2020-04-21,4
471,0,GHA,2020-04-21,49
472,0,GIB,2020-04-21,0
473,0,GIN,2020-04-21,43
474,0,GMB,2020-04-21,0
475,0,GNB,2020-04-21,1
476,0,GNQ,2020-04-21,13
477,2,GRC,2020-04-21,34
478,0,GRD,2020-04-21,0
479,0,GRL,2020-04-21,0
480,0,GTM,2020-04-21,25
481,0,GUM,2020-04-21,1
482,0,GUY,2020-04-21,3
483,5,HND,2020-04-21,5
484,3,HRV,2020-04-21,29
485,0,HTI,2020-04-21,2
486,17,HUN,2020-04-21,99
487,39,IDN,2020-04-21,406
488,0,IMN,2020-04-21,10
489,41,IND,2020-04-21,1286
490,35,IRL,2020-04-21,1175
491,77,IRN,2020-04-21,1873
492,1,IRQ,2020-04-21,39
493,0,ISL,2020-04-21,14
494,7,ISR,2020-04-21,225
495,344,ITA,2020-04-21,2121
496,0,JAM,2020-04-21,21
497,1,JEY,2020-04-21,3
498,0,JOR,2020-04-21,2
499,8,JPN,2020-04-21,953
500,1,KAZ,2020-04-21,126
501,0,KEN,2020-04-21,4
502,0,KGZ,2020-04-21,24
503,0,KHM,2020-04-21,0
504,0,KNA,2020-04-21,1
505,3,KOR,2020-04-21,3
506,0,KWT,2020-04-21,184
507,0,LAO,2020-04-21,0
508,0,LBN,2020-04-21,5
509,0,LBR,2020-04-21,4
510,0,LBY,2020-04-21,6
511,0,LCA,2020-04-21,0
512,0,LIE,2020-04-21,1
513,0,LKA,2020-04-21,3
514,2,LTU,2020-04-21,15
515,3,LUX,2020-04-21,19
516,0,LVA,2020-04-21,6
517,3,MAR,2020-04-21,146
518,0,MCO,2020-04-21,1
519,3,MDA,2020-04-21,122
520,0,MDG,2020-04-21,1
521,0,MDV,2020-04-21,0
522,61,MEX,2020-04-21,565
523,2,MKD,2020-04-21,57
524,0,MLI,2020-04-21,23
525,0,MLT,2020-04-21,14
526,0,MMR,2020-04-21,14
527,0,MNE,2020-04-21,3
528,0,MNG,2020-04-21,3
529,0,MNP,2020-04-21,0
530,0,MOZ,2020-04-21,4
531,0,MRT,2020-04-21,0
532,0,MSR,2020-04-21,1
533,0,MUS,2020-04-21,4
534,0,MWI,2020-04-21,1
535,1,MYS,2020-04-21,92
536,0,NAM,2020-04-21,0
537,0,NCL,2020-04-21,0
538,1,NER,2020-04-21,10
539,2,NGA,2020-04-21,19
540,0,NIC,2020-04-21,1
541,91,NLD,2020-04-21,802
542,7,NOR,2020-04-21,67
543,0,NPL,2020-04-21,4
544,0,NZL,2020-04-21,4
545,0,OMN,2020-04-21,146
546,13,PAK,2020-04-21,408
547,5,PAN,2020-04-21,171
548,22,PER,2020-04-21,1995
549,30,PHL,2020-04-21,126
550,0,PNG,2020-04-21,0
551,20,POL,2020-04-21,315
552,2,PRI,2020-04-21,31
553,25,PRT,2020-04-21,417
554,0,PRY,2020-04-21,6
555,0,PSE,2020-04-21,10
556,0,PYF,2020-04-21,0
557,0,QAT,2020-04-21,527
558,18,ROU,2020-04-21,316
559,54,RUS,2020-04-21,5742
560,0,RWA,2020-04-21,2
561,4,SAU,2020-04-21,696
562,0,SDN,2020-04-21,4
563,0,SEN,2020-04-21,6
564,1,SGP,2020-04-21,673
565,0,SLE,2020-04-21,4
566,0,SLV,2020-04-21,8
567,0,SMR,2020-04-21,8
568,0,SOM,2020-04-21,20
569,3,SRB,2020-04-21,437
570,0,SSD,2020-04-21,0
571,0,STP,2020-04-21,0
572,0,SUR,2020-04-21,0
573,0,SVK,2020-04-21,43
574,3,SVN,2020-04-21,15
575,81,SWE,2020-04-21,599
576,0,SWZ,2020-04-21,1
577,0,SXM,2020-04-21,1
578,0,SYC,2020-04-21,0
579,0,SYR,2020-04-21,2
580,0,TCA,2020-04-21,0
581,0,TCD,2020-04-21,5
582,0,TGO,2020-04-21,2
583,1,THA,2020-04-21,20
584,0,TLS,2020-04-21,3
585,0,TTO,2020-04-21,0
586,1,TUN,2020-04-21,13
587,102,TUR,2020-04-21,4346
588,0,TWN,2020-04-21,2
589,0,TZA,2020-04-21,25
590,0,UGA,2020-04-21,0
591,13,UKR,2020-04-21,679
592,0,URY,2020-04-21,5
593,3286,USA,2020-04-21,23267
594,0,UZB,2020-04-21,189
595,0,VAT,2020-04-21,0
596,0,VCT,2020-04-21,0
597,0,VEN,2020-04-21,1
598,0,VGB,2020-04-21,0
599,0,VIR,2020-04-21,1
600,0,VNM,2020-04-21,2
601,1,XKX,2020-04-21,57
602,0,YEM,2020-04-21,0
603,7,ZAF,2020-04-21,36
604,0,ZMB,2020-04-21,0
605,0,ZWE,2020-04-21,3
606,0,ABW,2020-04-22,0
607,3,AFG,2020-04-22,57
608,0,AGO,2020-04-22,0
609,0,ALB,2020-04-22,11
610,0,AND,2020-04-22,7
611,5,ARE,2020-04-22,410
612,6,ARG,2020-04-22,65
613,1,ARM,2020-04-22,23
614,0,ATG,2020-04-22,0
615,3,AUS,2020-04-22,15
616,12,AUT,2020-04-22,59
617,1,AZE,2020-04-22,46
618,0,BDI,2020-04-22,0
619,335,BEL,2020-04-22,1009
620,0,BEN,2020-04-22,0
621,0,BFA,2020-04-22,12
622,5,BGD,2020-04-22,696
623,2,BGR,2020-04-22,15
624,0,BHR,2020-04-22,160
625,0,BHS,2020-04-22,1
626,0,BIH,2020-04-22,28
627,3,BLR,2020-04-22,480
628,0,BLZ,2020-04-22,1
629,0,BMU,2020-04-22,4
630,1,BOL,2020-04-22,39
631,226,BRA,2020-04-22,2480
632,0,BRB,2020-04-22,1
633,0,BRN,2020-04-22,0
634,0,BTN,2020-04-22,0
635,0,BWA,2020-04-22,1
636,0,CAF,2020-04-22,0
637,176,CAN,2020-04-22,1009
638,24,CHE,2020-04-22,241
639,6,CHL,2020-04-22,333
640,0,CHN,2020-04-22,0
641,0,CIV,2020-04-22,42
642,1,CMR,2020-04-22,3
643,0,COD,2020-04-22,9
644,0,COG,2020-04-22,18
645,10,COL,2020-04-22,152
646,0,CPV,2020-04-22,10
647,0,CRI,2020-04-22,9
648,3,CUB,2020-04-22,57
649,0,CUW,2020-04-22,0
650,0,CYM,2020-04-22,1
651,0,CYP,2020-04-22,20
652,6,CZE,2020-04-22,85
653,211,DEU,2020-04-22,1843
654,0,DJI,2020-04-22,125
655,0,DMA,2020-04-22,0
656,8,DNK,2020-04-22,251
657,9,DOM,2020-04-22,190
658,9,DZA,2020-04-22,58
659,15,ECU,2020-04-22,417
660,15,EGY,2020-04-22,243
661,0,ERI,2020-04-22,0
662,282,ESP,2020-04-22,2291
663,0,EST,2020-04-22,23
664,0,ETH,2020-04-22,6
665,5,FIN,2020-04-22,115
666,0,FJI,2020-04-22,0
667,627,FRA,2020-04-22,2135
668,0,FRO,2020-04-22,0
669,0,GAB,2020-04-22,13
670,683,GBR,2020-04-22,5093
671,0,GEO,2020-04-22,25
672,0,GGY,2020-04-22,2
673,0,GHA,2020-04-22,51
674,0,GIB,2020-04-22,1
675,0,GIN,2020-04-22,44
676,0,GMB,2020-04-22,0
677,0,GNB,2020-04-22,0
678,0,GNQ,2020-04-22,13
679,2,GRC,2020-04-22,31
680,0,GRD,2020-04-22,0
681,0,GRL,2020-04-22,0
682,0,GTM,2020-04-22,27
683,0,GUM,2020-04-22,1
684,0,GUY,2020-04-22,3
685,5,HND,2020-04-22,5
686,2,HRV,2020-04-22,27
687,0,HTI,2020-04-22,1
688,19,HUN,2020-04-22,101
689,40,IDN,2020-04-22,419
690,0,IMN,2020-04-22,9
691,41,IND,2020-04-22,1317
692,36,IRL,2020-04-22,1228
693,72,IRN,2020-04-22,1827
694,1,IRQ,2020-04-22,36
695,0,ISL,2020-04-22,13
696,8,ISR,2020-04-22,208
697,324,ITA,2020-04-22,1999
698,0,JAM,2020-04-22,21
699,1,JEY,2020-04-22,3
700,0,JOR,2020-04-22,2
701,8,JPN,2020-04-22,953
702,1,KAZ,2020-04-22,129
703,1,KEN,2020-04-22,3
704,0,KGZ,2020-04-22,24
705,0,KHM,2020-04-22,0
706,0,KNA,2020-04-22,0
707,3,KOR,2020-04-22,2
708,0,KWT,2020-04-22,198
709,0,LAO,2020-04-22,1
710,1,LBN,2020-04-22,4
711,0,LBR,2020-04-22,3
712,0,LBY,2020-04-22,6
713,0,LCA,2020-04-22,0
714,0,LIE,2020-04-22,0
715,0,LKA,2020-04-22,3
716,3,LTU,2020-04-22,13
717,2,LUX,2020-04-22,16
718,0,LVA,2020-04-22,6
719,3,MAR,2020-04-22,148
720,0,MCO,2020-04-22,1
721,4,MDA,2020-04-22,120
722,0,MDG,2020-04-22,2
723,0,MDV,2020-04-22,0
724,63,MEX,2020-04-22,584
725,1,MKD,2020-04-22,57
726,1,MLI,2020-04-22,24
727,0,MLT,2020-04-22,14
728,0,MMR,2020-04-22,14
729,0,MNE,2020-04-22,4
730,0,MNG,2020-04-22,3
731,0,MNP,2020-04-22,0
732,0,MOZ,2020-04-22,4
733,0,MRT,2020-04-22,0
734,0,MSR,2020-04-22,0
735,0,MUS,2020-04-22,4
736,0,MWI,2020-04-22,0
737,1,MYS,2020-04-22,87
738,0,NAM,2020-04-22,0
739,0,NCL,2020-04-22,0
740,0,NER,2020-04-22,8
741,1,NGA,2020-04-22,17
742,0,NIC,2020-04-22,1
743,86,NLD,2020-04-22,772
744,8,NOR,2020-04-22,63
745,0,NPL,2020-04-22,4
746,1,NZL,2020-04-22,3
747,0,OMN,2020-04-22,161
748,12,PAK,2020-04-22,412
749,5,PAN,2020-04-22,167
750,22,PER,2020-04-22,2151
751,30,PHL,2020-04-22,117
752,0,PNG,2020-04-22,0
753,20,POL,2020-04-22,305
754,3,PRI,2020-04-22,29
755,23,PRT,2020-04-22,390
756,0,PRY,2020-04-22,6
757,0,PSE,2020-04-22,9
758,0,PYF,2020-04-22,1
759,0,QAT,2020-04-22,577
760,16,ROU,2020-04-22,307
761,60,RUS,2020-04-22,6423
762,0,RWA,2020-04-22,1
763,5,SAU,2020-04-22,744
764,0,SDN,2020-04-22,4
765,0,SEN,2020-04-22,5
766,0,SGP,2020-04-22,673
767,0,SLE,2020-04-22,4
768,0,SLV,2020-04-22,7
769,0,SMR,2020-04-22,7
770,0,SOM,2020-04-22,20
771,2,SRB,2020-04-22,449
772,0,SSD,2020-04-22,0
773,0,STP,2020-04-22,0
774,0,SUR,2020-04-22,0
775,0,SVK,2020-04-22,43
776,2,SVN,2020-04-22,14
777,80,SWE,2020-04-22,601
778,0,SWZ,2020-04-22,0
779,0,SXM,2020-04-22,0
780,0,SYC,2020-04-22,0
781,0,SYR,2020-04-22,1
782,0,TCA,2020-04-22,0
783,0,TCD,2020-04-22,5
784,0,TGO,2020-04-22,1
785,1,THA,2020-04-22,17
786,0,TLS,2020-04-22,3
787,0,TTO,2020-04-22,0
788,2,TUN,2020-04-22,13
789,101,TUR,2020-04-22,4256
790,0,TWN,2020-04-22,2
791,0,TZA,2020-04-22,25
792,0,UGA,2020-04-22,0
793,13,UKR,2020-04-22,736
794,0,URY,2020-04-22,5
795,3376,USA,2020-04-22,22217
796,0,UZB,2020-04-22,202
797,0,VAT,2020-04-22,0
798,0,VCT,2020-04-22,0
799,0,VEN,2020-04-22,1
800,0,VGB,2020-04-22,0
801,0,VIR,2020-04-22,0
802,0,VNM,2020-04-22,1
803,1,XKX,2020-04-22,63
804,0,YEM,2020-04-22,0
805,8,ZAF,2020-04-22,34
806,0,ZMB,2020-04-22,0
807,0,ZWE,2020-04-22,3
808,0,ABW,2020-04-23,1
809,3,AFG,2020-04-23,56
810,0,AGO,2020-04-23,1
811,0,ALB,2020-04-23,10
812,1,AND,2020-04-23,5
813,5,ARE,2020-04-23,406
814,5,ARG,2020-04-23,60
815,1,ARM,2020-04-23,21
816,0,ATG,2020-04-23,1
817,2,AUS,2020-04-23,13
818,11,AUT,2020-04-23,52
819,1,AZE,2020-04-23,43
820,0,BDI,2020-04-23,0
821,329,BEL,2020-04-23,965
822,0,BEN,2020-04-23,1
823,1,BFA,2020-04-23,10
824,5,BGD,2020-04-23,819
825,2,BGR,2020-04-23,14
826,0,BHR,2020-04-23,160
827,0,BHS,2020-04-23,2
828,0,BIH,2020-04-23,27
829,2,BLR,2020-04-23,473
830,0,BLZ,2020-04-23,2
831,0,BMU,2020-04-23,5
832,1,BOL,2020-04-23,40
833,234,BRA,2020-04-23,2526
834,0,BRB,2020-04-23,1
835,0,BRN,2020-04-23,0
836,0,BTN,2020-04-23,0
837,0,BWA,2020-04-23,0
838,0,CAF,2020-04-23,0
839,185,CAN,2020-04-23,963
840,23,CHE,2020-04-23,221
841,6,CHL,2020-04-23,323
842,1,CHN,2020-04-23,0
843,0,CIV,2020-04-23,41
844,1,CMR,2020-04-23,3
845,0,COD,2020-04-23,8
846,0,COG,2020-04-23,21
847,11,COL,2020-04-23,148
848,0,CPV,2020-04-23,10
849,0,CRI,2020-04-23,8
850,4,CUB,2020-04-23,57
851,0,CUW,2020-04-23,0
852,0,CYM,2020-04-23,0
853,0,CYP,2020-04-23,19
854,4,CZE,2020-04-23,78
855,206,DEU,2020-04-23,1710
856,0,DJI,2020-04-23,125
857,0,DMA,2020-04-23,0
858,9,DNK,2020-04-23,249
859,9,DOM,2020-04-23,188
860,8,DZA,2020-04-23,54
861,13,ECU,2020-04-23,412
862,14,EGY,2020-04-23,255
863,0,ERI,2020-04-23,0
864,258,ESP,2020-04-23,2110
865,1,EST,2020-04-23,23
866,0,ETH,2020-04-23,6
867,5,FIN,2020-04-23,114
868,0,FJI,2020-04-23,0
869,593,FRA,2020-04-23,2016
870,0,FRO,2020-04-23,0
871,0,GAB,2020-04-23,13
872,654,GBR,2020-04-23,4992
873,0,GEO,2020-04-23,26
874,0,GGY,2020-04-23,3
875,0,GHA,2020-04-23,51
876,0,GIB,2020-04-23,1
877,0,GIN,2020-04-23,44
878,0,GMB,2020-04-23,0
879,0,GNB,2020-04-23,0
880,0,GNQ,2020-04-23,13
881,1,GRC,2020-04-23,30
882,0,GRD,2020-04-23,0
883,0,GRL,2020-04-23,0
884,0,GTM,2020-04-23,28
885,0,GUM,2020-04-23,2
886,0,GUY,2020-04-23,3
887,5,HND,2020-04-23,5
888,2,HRV,2020-04-23,24
889,0,HTI,2020-04-23,2
890,19,HUN,2020-04-23,100
891,41,IDN,2020-04-23,430
892,0,IMN,2020-04-23,8
893,41,IND,2020-04-23,1344
894,35,IRL,2020-04-23,1279
895,70,IRN,2020-04-23,1780
896,1,IRQ,2020-04-23,36
897,0,ISL,2020-04-23,12
898,6,ISR,2020-04-23,192
899,305,ITA,2020-04-23,1883
900,0,JAM,2020-04-23,21
901,1,JEY,2020-04-23,3
902,0,JOR,2020-04-23,1
903,8,JPN,2020-04-23,953
904,1,KAZ,2020-04-23,135
905,0,KEN,2020-04-23,3
906,0,KGZ,2020-04-23,24
907,0,KHM,2020-04-23,0
908,0,KNA,2020-04-23,0
909,2,KOR,2020-04-23,1
910,0,KWT,2020-04-23,215
911,0,LAO,2020-04-23,0
912,0,LBN,2020-04-23,4
913,0,LBR,2020-04-23,4
914,0,LBY,2020-04-23,6
915,0,LCA,2020-04-23,0
916,0,LIE,2020-04-23,0
917,0,LKA,2020-04-23,4
918,2,LTU,2020-04-23,12
919,2,LUX,2020-04-23,14
920,0,LVA,2020-04-23,5
921,2,MAR,2020-04-23,149
922,0,MCO,2020-04-23,1
923,3,MDA,2020-04-23,116
924,0,MDG,2020-04-23,1
925,0,MDV,2020-04-23,0
926,64,MEX,2020-04-23,602
927,2,MKD,2020-04-23,57
928,0,MLI,2020-04-23,26
929,0,MLT,2020-04-23,14
930,0,MMR,2020-04-23,14
931,0,MNE,2020-04-23,3
932,0,MNG,2020-04-23,3
933,0,MNP,2020-04-23,0
934,0,MOZ,2020-04-23,5
935,0,MRT,2020-04-23,0
936,0,MSR,2020-04-23,0
937,0,MUS,2020-04-23,3
938,0,MWI,2020-04-23,1
939,1,MYS,2020-04-23,82
940,0,NAM,2020-04-23,0
941,0,NCL,2020-04-23,0
942,0,NER,2020-04-23,6
943,2,NGA,2020-04-23,18
944,0,NIC,2020-04-23,1
945,80,NLD,2020-04-23,740
946,7,NOR,2020-04-23,58
947,0,NPL,2020-04-23,4
948,0,NZL,2020-04-23,3
949,0,OMN,2020-04-23,177
950,13,PAK,2020-04-23,414
951,4,PAN,2020-04-23,163
952,22,PER,2020-04-23,2312
953,32,PHL,2020-04-23,109
954,0,PNG,2020-04-23,0
955,20,POL,2020-04-23,296
956,2,PRI,2020-04-23,27
957,23,PRT,2020-04-23,365
958,0,PRY,2020-04-23,6
959,0,PSE,2020-04-23,10
960,0,PYF,2020-04-23,0
961,0,QAT,2020-04-23,630
962,16,ROU,2020-04-23,298
963,68,RUS,2020-04-23,7169
964,0,RWA,2020-04-23,2
965,4,SAU,2020-04-23,796
966,0,SDN,2020-04-23,5
967,0,SEN,2020-04-23,6
968,1,SGP,2020-04-23,673
969,0,SLE,2020-04-23,4
970,0,SLV,2020-04-23,7
971,0,SMR,2020-04-23,8
972,0,SOM,2020-04-23,20
973,3,SRB,2020-04-23,459
974,0,SSD,2020-04-23,0
975,0,STP,2020-04-23,0
976,0,SUR,2020-04-23,0
977,0,SVK,2020-04-23,43
978,2,SVN,2020-04-23,14
979,78,SWE,2020-04-23,602
980,0,SWZ,2020-04-23,0
981,0,SXM,2020-04-23,1
982,0,SYC,2020-04-23,0
983,0,SYR,2020-04-23,1
984,0,TCA,2020-04-23,0
985,0,TCD,2020-04-23,5
986,0,TGO,2020-04-23,2
987,1,THA,2020-04-23,16
988,0,TLS,2020-04-23,3
989,0,TTO,2020-04-23,1
990,1,TUN,2020-04-23,11
991,98,TUR,2020-04-23,4156
992,0,TWN,2020-04-23,2
993,0,TZA,2020-04-23,25
994,0,UGA,2020-04-23,0
995,14,UKR,2020-04-23,798
996,0,URY,2020-04-23,5
997,3458,USA,2020-04-23,21167
998,0,UZB,2020-04-23,216
999,0,VAT,2020-04-23,0
1000,0,VCT,2020-04-23,0
1001,0,VEN,2020-04-23,1
1002,0,VGB,2020-04-23,0
1003,0,VIR,2020-04-23,0
1004,0,VNM,2020-04-23,1
1005,1,XKX,2020-04-23,67
1006,0,YEM,2020-04-23,0
1007,8,ZAF,2020-04-23,32
1008,0,ZMB,2020-04-23,0
1009,0,ZWE,2020-04-23,3
1010,0,ABW,2020-04-24,0
1011,3,AFG,2020-04-24,57
1012,0,AGO,2020-04-24,0
1013,0,ALB,2020-04-24,10
1014,0,AND,2020-04-24,6
1015,5,ARE,2020-04-24,399
1016,6,ARG,2020-04-24,58
1017,2,ARM,2020-04-24,20
1018,0,ATG,2020-04-24,0
1019,2,AUS,2020-04-24,11
1020,11,AUT,2020-04-24,47
1021,1,AZE,2020-04-24,42
1022,0,BDI,2020-04-24,0
1023,323,BEL,2020-04-24,923
1024,0,BEN,2020-04-24,0
1025,1,BFA,2020-04-24,10
1026,5,BGD,2020-04-24,958
1027,2,BGR,2020-04-24,14
1028,0,BHR,2020-04-24,160
1029,0,BHS,2020-04-24,1
1030,1,BIH,2020-04-24,25
1031,2,BLR,2020-04-24,464
1032,0,BLZ,2020-04-24,1
1033,0,BMU,2020-04-24,4
1034,1,BOL,2020-04-24,42
1035,241,BRA,2020-04-24,2568
1036,0,BRB,2020-04-24,1
1037,0,BRN,2020-04-24,0
1038,0,BTN,2020-04-24,0
1039,0,BWA,2020-04-24,0
1040,0,CAF,2020-04-24,1
1041,197,CAN,2020-04-24,917
1042,21,CHE,2020-04-24,202
1043,6,CHL,2020-04-24,312
1044,0,CHN,2020-04-24,0
1045,0,CIV,2020-04-24,41
1046,1,CMR,2020-04-24,2
1047,0,COD,2020-04-24,8
1048,0,COG,2020-04-24,22
1049,10,COL,2020-04-24,145
1050,0,CPV,2020-04-24,10
1051,0,CRI,2020-04-24,8
1052,4,CUB,2020-04-24,57
1053,0,CUW,2020-04-24,0
1054,0,CYM,2020-04-24,1
1055,0,CYP,2020-04-24,18
1056,5,CZE,2020-04-24,72
1057,201,DEU,2020-04-24,1583
1058,0,DJI,2020-04-24,125
1059,0,DMA,2020-04-24,0
1060,7,DNK,2020-04-24,246
1061,8,DOM,2020-04-24,185
1062,7,DZA,2020-04-24,51
1063,13,ECU,2020-04-24,407
1064,15,EGY,2020-04-24,267
1065,0,ERI,2020-04-24,0
1066,237,ESP,2020-04-24,1943
1067,1,EST,2020-04-24,21
1068,0,ETH,2020-04-24,6
1069,6,FIN,2020-04-24,112
1070,0,FJI,2020-04-24,0
1071,558,FRA,2020-04-24,1901
1072,0,FRO,2020-04-24,0
1073,0,GAB,2020-04-24,13
1074,623,GBR,2020-04-24,4881
1075,0,GEO,2020-04-24,27
1076,0,GGY,2020-04-24,2
1077,0,GHA,2020-04-24,53
1078,0,GIB,2020-04-24,0
1079,0,GIN,2020-04-24,44
1080,0,GMB,2020-04-24,0
1081,0,GNB,2020-04-24,1
1082,0,GNQ,2020-04-24,13
1083,1,GRC,2020-04-24,27
1084,0,GRD,2020-04-24,0
1085,0,GRL,2020-04-24,0
1086,0,GTM,2020-04-24,31
1087,0,GUM,2020-04-24,1
1088,0,GUY,2020-04-24,2
1089,5,HND,2020-04-24,3
1090,2,HRV,2020-04-24,23
1091,0,HTI,2020-04-24,2
1092,19,HUN,2020-04-24,101
1093,43,IDN,2020-04-24,442
1094,0,IMN,2020-04-24,8
1095,40,IND,2020-04-24,1368
1096,35,IRL,2020-04-24,1332
1097,66,IRN,2020-04-24,1733
1098,1,IRQ,2020-04-24,34
1099,0,ISL,2020-04-24,11
1100,7,ISR,2020-04-24,177
1101,286,ITA,2020-04-24,1772
1102,0,JAM,2020-04-24,21
1103,1,JEY,2020-04-24,2
1104,0,JOR,2020-04-24,2
1105,9,JPN,2020-04-24,953
1106,1,KAZ,2020-04-24,138
1107,0,KEN,2020-04-24,2
1108,0,KGZ,2020-04-24,22
1109,0,KHM,2020-04-24,0
1110,0,KNA,2020-04-24,0
1111,3,KOR,2020-04-24,2
1112,0,KWT,2020-04-24,233
1113,0,LAO,2020-04-24,1
1114,0,LBN,2020-04-24,4
1115,0,LBR,2020-04-24,3
1116,0,LBY,2020-04-24,7
1117,0,LCA,2020-04-24,0
1118,0,LIE,2020-04-24,0
1119,0,LKA,2020-04-24,2
1120,3,LTU,2020-04-24,11
1121,3,LUX,2020-04-24,12
1122,0,LVA,2020-04-24,5
1123,2,MAR,2020-04-24,150
1124,0,MCO,2020-04-24,1
1125,4,MDA,2020-04-24,114
1126,0,MDG,2020-04-24,1
1127,0,MDV,2020-04-24,1
1128,66,MEX,2020-04-24,620
1129,1,MKD,2020-04-24,58
1130,1,MLI,2020-04-24,28
1131,0,MLT,2020-04-24,13
1132,0,MMR,2020-04-24,14
1133,0,MNE,2020-04-24,2
1134,0,MNG,2020-04-24,3
1135,0,MNP,2020-04-24,0
1136,0,MOZ,2020-04-24,5
1137,0,MRT,2020-04-24,0
1138,0,MSR,2020-04-24,0
1139,0,MUS,2020-04-24,2
1140,0,MWI,2020-04-24,0
1141,1,MYS,2020-04-24,79
1142,0,NAM,2020-04-24,0
1143,0,NCL,2020-04-24,0
1144,0,NER,2020-04-24,5
1145,2,NGA,2020-04-24,17
1146,0,NIC,2020-04-24,1
1147,76,NLD,2020-04-24,711
1148,7,NOR,2020-04-24,54
1149,0,NPL,2020-04-24,4
1150,0,NZL,2020-04-24,2
1151,0,OMN,2020-04-24,195
1152,13,PAK,2020-04-24,416
1153,4,PAN,2020-04-24,159
1154,22,PER,2020-04-24,2476
1155,32,PHL,2020-04-24,101
1156,0,PNG,2020-04-24,0
1157,19,POL,2020-04-24,286
1158,2,PRI,2020-04-24,25
1159,22,PRT,2020-04-24,341
1160,0,PRY,2020-04-24,6
1161,0,PSE,2020-04-24,8
1162,0,PYF,2020-04-24,0
1163,0,QAT,2020-04-24,690
1164,15,ROU,2020-04-24,288
1165,76,RUS,2020-04-24,7986
1166,0,RWA,2020-04-24,1
1167,4,SAU,2020-04-24,851
1168,0,SDN,2020-04-24,5
1169,0,SEN,2020-04-24,5
1170,0,SGP,2020-04-24,673
1171,0,SLE,2020-04-24,4
1172,0,SLV,2020-04-24,7
1173,1,SMR,2020-04-24,7
1174,0,SOM,2020-04-24,20
1175,2,SRB,2020-04-24,468
1176,0,SSD,2020-04-24,0
1177,0,STP,2020-04-24,0
1178,0,SUR,2020-04-24,0
1179,0,SVK,2020-04-24,43
1180,2,SVN,2020-04-24,13
1181,76,SWE,2020-04-24,602
1182,0,SWZ,2020-04-24,0
1183,0,SXM,2020-04-24,0
1184,0,SYC,2020-04-24,0
1185,0,SYR,2020-04-24,2
1186,0,TCA,2020-04-24,1
1187,0,TCD,2020-04-24,5
1188,0,TGO,2020-04-24,2
1189,1,THA,2020-04-24,14
1190,0,TLS,2020-04-24,3
1191,0,TTO,2020-04-24,0
1192,1,TUN,2020-04-24,10
1193,95,TUR,2020-04-24,4048
1194,0,TWN,2020-04-24,1
1195,0,TZA,2020-04-24,25
1196,0,UGA,2020-04-24,0
1197,14,UKR,2020-04-24,862
1198,0,URY,2020-04-24,4
1199,3531,USA,2020-04-24,20126
1200,0,UZB,2020-04-24,231
1201,0,VAT,2020-04-24,0
1202,0,VCT,2020-04-24,0
1203,0,VEN,2020-04-24,2
1204,0,VGB,2020-04-24,0
1205,0,VIR,2020-04-24,1
1206,0,VNM,2020-04-24,2
1207,1,XKX,2020-04-24,74
1208,0,YEM,2020-04-24,0
1209,9,ZAF,2020-04-24,29
1210,0,ZMB,2020-04-24,0
1211,0,ZWE,2020-04-24,3
1212,0,ABW,2020-04-25,0
1213,3,AFG,2020-04-25,57
1214,0,AGO,2020-04-25,0
1215,1,ALB,2020-04-25,10
1216,0,AND,2020-04-25,4
1217,5,ARE,2020-04-25,392
1218,5,ARG,2020-04-25,55
1219,1,ARM,2020-04-25,19
1220,0,ATG,2020-04-25,1
1221,2,AUS,2020-04-25,10
1222,10,AUT,2020-04-25,40
1223,0,AZE,2020-04-25,39
1224,0,BDI,2020-04-25,0
1225,315,BEL,2020-04-25,880
1226,0,BEN,2020-04-25,1
1227,1,BFA,2020-04-25,9
1228,5,BGD,2020-04-25,1118
1229,2,BGR,2020-04-25,13
1230,0,BHR,2020-04-25,160
1231,0,BHS,2020-04-25,1
1232,0,BIH,2020-04-25,24
1233,3,BLR,2020-04-25,454
1234,0,BLZ,2020-04-25,2
1235,0,BMU,2020-04-25,5
1236,1,BOL,2020-04-25,42
1237,248,BRA,2020-04-25,2604
1238,0,BRB,2020-04-25,0
1239,0,BRN,2020-04-25,0
1240,0,BTN,2020-04-25,0
1241,0,BWA,2020-04-25,0
1242,0,CAF,2020-04-25,0
1243,207,CAN,2020-04-25,873
1244,20,CHE,2020-04-25,185
1245,6,CHL,2020-04-25,301
1246,0,CHN,2020-04-25,1
1247,0,CIV,2020-04-25,41
1248,2,CMR,2020-04-25,2
1249,0,COD,2020-04-25,8
1250,0,COG,2020-04-25,24
1251,9,COL,2020-04-25,141
1252,0,CPV,2020-04-25,10
1253,0,CRI,2020-04-25,7
1254,4,CUB,2020-04-25,56
1255,0,CUW,2020-04-25,0
1256,0,CYM,2020-04-25,0
1257,0,CYP,2020-04-25,17
1258,4,CZE,2020-04-25,67
1259,196,DEU,2020-04-25,1465
1260,0,DJI,2020-04-25,125
1261,0,DMA,2020-04-25,0
1262,7,DNK,2020-04-25,242
1263,8,DOM,2020-04-25,182
1264,6,DZA,2020-04-25,49
1265,11,ECU,2020-04-25,399
1266,15,EGY,2020-04-25,278
1267,0,ERI,2020-04-25,0
1268,217,ESP,2020-04-25,1786
1269,0,EST,2020-04-25,21
1270,0,ETH,2020-04-25,6
1271,5,FIN,2020-04-25,109
1272,0,FJI,2020-04-25,1
1273,525,FRA,2020-04-25,1792
1274,0,FRO,2020-04-25,0
1275,0,GAB,2020-04-25,13
1276,592,GBR,2020-04-25,4764
1277,0,GEO,2020-04-25,29
1278,0,GGY,2020-04-25,2
1279,0,GHA,2020-04-25,53
1280,0,GIB,2020-04-25,1
1281,0,GIN,2020-04-25,43
1282,0,GMB,2020-04-25,0
1283,0,GNB,2020-04-25,0
1284,0,GNQ,2020-04-25,13
1285,2,GRC,2020-04-25,27
1286,0,GRD,2020-04-25,0
1287,0,GRL,2020-04-25,0
1288,0,GTM,2020-04-25,32
1289,0,GUM,2020-04-25,1
1290,0,GUY,2020-04-25,3
1291,5,HND,2020-04-25,4
1292,2,HRV,2020-04-25,22
1293,0,HTI,2020-04-25,1
1294,21,HUN,2020-04-25,100
1295,44,IDN,2020-04-25,453
1296,0,IMN,2020-04-25,8
1297,41,IND,2020-04-25,1387
1298,34,IRL,2020-04-25,1385
1299,62,IRN,2020-04-25,1685
1300,1,IRQ,2020-04-25,32
1301,0,ISL,2020-04-25,9
1302,6,ISR,2020-04-25,163
1303,269,ITA,2020-04-25,1666
1304,0,JAM,2020-04-25,21
1305,1,JEY,2020-04-25,2
1306,0,JOR,2020-04-25,1
1307,9,JPN,2020-04-25,953
1308,0,KAZ,2020-04-25,142
1309,1,KEN,2020-04-25,3
1310,0,KGZ,2020-04-25,21
1311,0,KHM,2020-04-25,0
1312,0,KNA,2020-04-25,0
1313,3,KOR,2020-04-25,1
1314,0,KWT,2020-04-25,251
1315,0,LAO,2020-04-25,0
1316,0,LBN,2020-04-25,3
1317,0,LBR,2020-04-25,2
1318,0,LBY,2020-04-25,8
1319,0,LCA,2020-04-25,0
1320,0,LIE,2020-04-25,0
1321,0,LKA,2020-04-25,3
1322,3,LTU,2020-04-25,11
1323,2,LUX,2020-04-25,12
1324,0,LVA,2020-04-25,4
1325,3,MAR,2020-04-25,150
1326,0,MCO,2020-04-25,1
1327,3,MDA,2020-04-25,110
1328,0,MDG,2020-04-25,1
1329,0,MDV,2020-04-25,0
1330,67,MEX,2020-04-25,635
1331,2,MKD,2020-04-25,57
1332,0,MLI,2020-04-25,29
1333,0,MLT,2020-04-25,14
1334,0,MMR,2020-04-25,14
1335,0,MNE,2020-04-25,3
1336,0,MNG,2020-04-25,3
1337,0,MNP,2020-04-25,0
1338,0,MOZ,2020-04-25,5
1339,0,MRT,2020-04-25,0
1340,0,MSR,2020-04-25,1
1341,0,MUS,2020-04-25,3
1342,0,MWI,2020-04-25,1
1343,0,MYS,2020-04-25,74
1344,0,NAM,2020-04-25,0
1345,0,NCL,2020-04-25,0
1346,0,NER,2020-04-25,5
1347,1,NGA,2020-04-25,16
1348,0,NIC,2020-04-25,1
1349,70,NLD,2020-04-25,680
1350,7,NOR,2020-04-25,49
1351,0,NPL,2020-04-25,4
1352,0,NZL,2020-04-25,2
1353,0,OMN,2020-04-25,215
1354,14,PAK,2020-04-25,417
1355,5,PAN,2020-04-25,154
1356,22,PER,2020-04-25,2644
1357,34,PHL,2020-04-25,94
1358,0,PNG,2020-04-25,0
1359,18,POL,2020-04-25,276
1360,2,PRI,2020-04-25,23
1361,20,PRT,2020-04-25,318
1362,0,PRY,2020-04-25,5
1363,0,PSE,2020-04-25,9
1364,0,PYF,2020-04-25,0
1365,0,QAT,2020-04-25,754
1366,15,ROU,2020-04-25,279
1367,86,RUS,2020-04-25,8880
1368,0,RWA,2020-04-25,1
1369,4,SAU,2020-04-25,908
1370,0,SDN,2020-04-25,6
1371,0,SEN,2020-04-25,4
1372,0,SGP,2020-04-25,673
1373,0,SLE,2020-04-25,4
1374,0,SLV,2020-04-25,7
1375,0,SMR,2020-04-25,7
1376,0,SOM,2020-04-25,20
1377,1,SRB,2020-04-25,478
1378,0,SSD,2020-04-25,0
1379,0,STP,2020-04-25,0
1380,0,SUR,2020-04-25,0
1381,0,SVK,2020-04-25,44
1382,2,SVN,2020-04-25,12
1383,74,SWE,2020-04-25,601
1384,0,SWZ,2020-04-25,1
1385,0,SXM,2020-04-25,0
1386,0,SYC,2020-04-25,0
1387,0,SYR,2020-04-25,1
1388,0,TCA,2020-04-25,0
1389,0,TCD,2020-04-25,5
1390,0,TGO,2020-04-25,1
1391,1,THA,2020-04-25,13
1392,0,TLS,2020-04-25,3
1393,0,TTO,2020-04-25,0
1394,1,TUN,2020-04-25,9
1395,93,TUR,2020-04-25,3930
1396,0,TWN,2020-04-25,1
1397,0,TZA,2020-04-25,25
1398,0,UGA,2020-04-25,0
1399,14,UKR,2020-04-25,931
1400,0,URY,2020-04-25,4
1401,3594,USA,2020-04-25,19102
1402,0,UZB,2020-04-25,245
1403,0,VAT,2020-04-25,0
1404,0,VCT,2020-04-25,0
1405,0,VEN,2020-04-25,0
1406,0,VGB,2020-04-25,0
1407,0,VIR,2020-04-25,0
1408,0,VNM,2020-04-25,1
1409,0,XKX,2020-04-25,81
1410,0,YEM,2020-04-25,0
1411,10,ZAF,2020-04-25,28
1412,0,ZMB,2020-04-25,0
1413,0,ZWE,2020-04-25,3
1414,0,ABW,2020-04-26,1
1415,3,AFG,2020-04-26,57
1416,0,AGO,2020-04-26,0
1417,0,ALB,2020-04-26,9
1418,1,AND,2020-04-26,5
1419,6,ARE,2020-04-26,383
1420,5,ARG,2020-04-26,52
1421,1,ARM,2020-04-26,18
1422,0,ATG,2020-04-26,0
1423,2,AUS,2020-04-26,8
1424,10,AUT,2020-04-26,36
1425,1,AZE,2020-04-26,36
1426,0,BDI,2020-04-26,0
1427,309,BEL,2020-04-26,838
1428,0,BEN,2020-04-26,0
1429,0,BFA,2020-04-26,9
1430,5,BGD,2020-04-26,1297
1431,2,BGR,2020-04-26,12
1432,0,BHR,2020-04-26,160
1433,0,BHS,2020-04-26,1
1434,0,BIH,2020-04-26,22
1435,2,BLR,2020-04-26,440
1436,0,BLZ,2020-04-26,1
1437,0,BMU,2020-04-26,4
1438,0,BOL,2020-04-26,44
1439,255,BRA,2020-04-26,2634
1440,0,BRB,2020-04-26,1
1441,0,BRN,2020-04-26,0
1442,0,BTN,2020-04-26,0
1443,0,BWA,2020-04-26,1
1444,0,CAF,2020-04-26,0
1445,219,CAN,2020-04-26,827
1446,18,CHE,2020-04-26,170
1447,6,CHL,2020-04-26,291
1448,1,CHN,2020-04-26,0
1449,0,CIV,2020-04-26,40
1450,1,CMR,2020-04-26,2
1451,0,COD,2020-04-26,7
1452,0,COG,2020-04-26,26
1453,10,COL,2020-04-26,138
1454,0,CPV,2020-04-26,10
1455,0,CRI,2020-04-26,7
1456,5,CUB,2020-04-26,56
1457,0,CUW,2020-04-26,0
1458,0,CYM,2020-04-26,1
1459,0,CYP,2020-04-26,16
1460,4,CZE,2020-04-26,62
1461,189,DEU,2020-04-26,1354
1462,0,DJI,2020-04-26,125
1463,0,DMA,2020-04-26,0
1464,7,DNK,2020-04-26,239
1465,8,DOM,2020-04-26,178
1466,6,DZA,2020-04-26,45
1467,11,ECU,2020-04-26,393
1468,15,EGY,2020-04-26,290
1469,0,ERI,2020-04-26,0
1470,199,ESP,2020-04-26,1641
1471,1,EST,2020-04-26,19
1472,0,ETH,2020-04-26,6
1473,5,FIN,2020-04-26,106
1474,0,FJI,2020-04-26,0
1475,493,FRA,2020-04-26,1687
1476,0,FRO,2020-04-26,0
1477,0,GAB,2020-04-26,13
1478,562,GBR,2020-04-26,4639
1479,0,GEO,2020-04-26,29
1480,0,GGY,2020-04-26,2
1481,0,GHA,2020-04-26,54
1482,0,GIB,2020-04-26,0
1483,0,GIN,2020-04-26,44
1484,0,GMB,2020-04-26,0
1485,0,GNB,2020-04-26,0
1486,0,GNQ,2020-04-26,13
1487,1,GRC,2020-04-26,24
1488,0,GRD,2020-04-26,0
1489,0,GRL,2020-04-26,0
1490,0,GTM,2020-04-26,35
1491,0,GUM,2020-04-26,0
1492,0,GUY,2020-04-26,3
1493,5,HND,2020-04-26,3
1494,2,HRV,2020-04-26,19
1495,0,HTI,2020-04-26,2
1496,21,HUN,2020-04-26,100
1497,46,IDN,2020-04-26,463
1498,0,IMN,2020-04-26,7
1499,39,IND,2020-04-26,1404
1500,34,IRL,2020-04-26,1436
1501,60,IRN,2020-04-26,1637
1502,1,IRQ,2020-04-26,31
1503,0,ISL,2020-04-26,9
1504,6,ISR,2020-04-26,150
1505,252,ITA,2020-04-26,1567
1506,0,JAM,2020-04-26,21
1507,1,JEY,2020-04-26,2
1508,0,JOR,2020-04-26,1
1509,9,JPN,2020-04-26,953
1510,1,KAZ,2020-04-26,147
1511,0,KEN,2020-04-26,2
1512,0,KGZ,2020-04-26,21
1513,0,KHM,2020-04-26,0
1514,0,KNA,2020-04-26,0
1515,2,KOR,2020-04-26,2
1516,0,KWT,2020-04-26,272
1517,0,LAO,2020-04-26,0
1518,0,LBN,2020-04-26,4
1519,0,LBR,2020-04-26,3
1520,0,LBY,2020-04-26,8
1521,0,LCA,2020-04-26,0
1522,0,LIE,2020-04-26,0
1523,0,LKA,2020-04-26,3
1524,3,LTU,2020-04-26,9
1525,2,LUX,2020-04-26,9
1526,0,LVA,2020-04-26,4
1527,1,MAR,2020-04-26,151
1528,0,MCO,2020-04-26,0
1529,3,MDA,2020-04-26,108
1530,0,MDG,2020-04-26,1
1531,0,MDV,2020-04-26,0
1532,68,MEX,2020-04-26,651
1533,1,MKD,2020-04-26,57
1534,1,MLI,2020-04-26,31
1535,0,MLT,2020-04-26,13
1536,0,MMR,2020-04-26,14
1537,0,MNE,2020-04-26,2
1538,0,MNG,2020-04-26,3
1539,0,MNP,2020-04-26,1
1540,0,MOZ,2020-04-26,6
1541,0,MRT,2020-04-26,0
1542,0,MSR,2020-04-26,0
1543,0,MUS,2020-04-26,2
1544,0,MWI,2020-04-26,0
1545,1,MYS,2020-04-26,70
1546,0,NAM,2020-04-26,0
1547,0,NCL,2020-04-26,0
1548,1,NER,2020-04-26,4
1549,2,NGA,2020-04-26,16
1550,0,NIC,2020-04-26,2
1551,67,NLD,2020-04-26,651
1552,6,NOR,2020-04-26,46
1553,0,NPL,2020-04-26,4
1554,1,NZL,2020-04-26,1
1555,0,OMN,2020-04-26,235
1556,14,PAK,2020-04-26,417
1557,4,PAN,2020-04-26,150
1558,22,PER,2020-04-26,2816
1559,34,PHL,2020-04-26,87
1560,0,PNG,2020-04-26,0
1561,18,POL,2020-04-26,266
1562,2,PRI,2020-04-26,22
1563,20,PRT,2020-04-26,296
1564,0,PRY,2020-04-26,6
1565,0,PSE,2020-04-26,8
1566,0,PYF,2020-04-26,1
1567,0,QAT,2020-04-26,825
1568,13,ROU,2020-04-26,269
1569,96,RUS,2020-04-26,9853
1570,0,RWA,2020-04-26,1
1571,4,SAU,2020-04-26,968
1572,0,SDN,2020-04-26,6
1573,0,SEN,2020-04-26,5
1574,1,SGP,2020-04-26,673
1575,0,SLE,2020-04-26,4
1576,0,SLV,2020-04-26,6
1577,0,SMR,2020-04-26,6
1578,0,SOM,2020-04-26,20
1579,2,SRB,2020-04-26,485
1580,0,SSD,2020-04-26,0
1581,0,STP,2020-04-26,0
1582,0,SUR,2020-04-26,0
1583,0,SVK,2020-04-26,43
1584,1,SVN,2020-04-26,11
1585,72,SWE,2020-04-26,600
1586,0,SWZ,2020-04-26,0
1587,0,SXM,2020-04-26,1
1588,0,SYC,2020-04-26,0
1589,0,SYR,2020-04-26,1
1590,0,TCA,2020-04-26,0
1591,0,TCD,2020-04-26,5
1592,0,TGO,2020-04-26,2
1593,0,THA,2020-04-26,11
1594,0,TLS,2020-04-26,3
1595,0,TTO,2020-04-26,0
1596,1,TUN,2020-04-26,9
1597,90,TUR,2020-04-26,3807
1598,0,TWN,2020-04-26,1
1599,0,TZA,2020-04-26,25
1600,0,UGA,2020-04-26,0
1601,14,UKR,2020-04-26,1002
1602,0,URY,2020-04-26,4
1603,3649,USA,2020-04-26,18099
1604,0,UZB,2020-04-26,259
1605,0,VAT,2020-04-26,0
1606,0,VCT,2020-04-26,0
1607,0,VEN,2020-04-26,1
1608,0,VGB,2020-04-26,0
1609,0,VIR,2020-04-26,0
1610,0,VNM,2020-04-26,1
1611,1,XKX,2020-04-26,87
1612,0,YEM,2020-04-26,0
1613,10,ZAF,2020-04-26,25
1614,0,ZMB,2020-04-26,0
1615,0,ZWE,2020-04-26,3
1616,0,ABW,2020-04-27,0
1617,3,AFG,2020-04-27,57
1618,0,AGO,2020-04-27,0
1619,0,ALB,2020-04-27,8
1620,0,AND,2020-04-27,4
1621,6,ARE,2020-04-27,374
1622,5,ARG,2020-04-27,49
1623,1,ARM,2020-04-27,16
1624,0,ATG,2020-04-27,0
1625,2,AUS,2020-04-27,7
1626,9,AUT,2020-04-27,32
1627,1,AZE,2020-04-27,35
1628,0,BDI,2020-04-27,0
1629,300,BEL,2020-04-27,798
1630,0,BEN,2020-04-27,1
1631,1,BFA,2020-04-27,8
1632,5,BGD,2020-04-27,1500
1633,2,BGR,2020-04-27,12
1634,0,BHR,2020-04-27,160
1635,0,BHS,2020-04-27,1
1636,0,BIH,2020-04-27,21
1637,2,BLR,2020-04-27,426
1638,0,BLZ,2020-04-27,2
1639,0,BMU,2020-04-27,5
1640,1,BOL,2020-04-27,45
1641,261,BRA,2020-04-27,2661
1642,0,BRB,2020-04-27,1
1643,0,BRN,2020-04-27,0
1644,0,BTN,2020-04-27,0
1645,0,BWA,2020-04-27,0
1646,0,CAF,2020-04-27,0
1647,228,CAN,2020-04-27,785
1648,17,CHE,2020-04-27,154
1649,5,CHL,2020-04-27,279
1650,0,CHN,2020-04-27,0
1651,0,CIV,2020-04-27,40
1652,1,CMR,2020-04-27,1
1653,0,COD,2020-04-27,6
1654,0,COG,2020-04-27,29
1655,9,COL,2020-04-27,134
1656,0,CPV,2020-04-27,10
1657,0,CRI,2020-04-27,6
1658,4,CUB,2020-04-27,55
1659,0,CUW,2020-04-27,0
1660,0,CYM,2020-04-27,0
1661,0,CYP,2020-04-27,15
1662,4,CZE,2020-04-27,56
1663,184,DEU,2020-04-27,1251
1664,0,DJI,2020-04-27,125
1665,0,DMA,2020-04-27,0
1666,6,DNK,2020-04-27,235
1667,8,DOM,2020-04-27,174
1668,5,DZA,2020-04-27,42
1669,11,ECU,2020-04-27,385
1670,15,EGY,2020-04-27,303
1671,0,ERI,2020-04-27,0
1672,181,ESP,2020-04-27,1507
1673,0,EST,2020-04-27,18
1674,0,ETH,2020-04-27,6
1675,6,FIN,2020-04-27,104
1676,0,FJI,2020-04-27,0
1677,461,FRA,2020-04-27,1586
1678,0,FRO,2020-04-27,0
1679,0,GAB,2020-04-27,13
1680,532,GBR,2020-04-27,4510
1681,0,GEO,2020-04-27,31
1682,0,GGY,2020-04-27,1
1683,0,GHA,2020-04-27,55
1684,0,GIB,2020-04-27,0
1685,0,GIN,2020-04-27,42
1686,0,GMB,2020-04-27,0
1687,0,GNB,2020-04-27,0
1688,0,GNQ,2020-04-27,13
1689,1,GRC,2020-04-27,23
1690,0,GRD,2020-04-27,0
1691,0,GRL,2020-04-27,0
1692,0,GTM,2020-04-27,37
1693,0,GUM,2020-04-27,1
1694,0,GUY,2020-04-27,2
1695,5,HND,2020-04-27,3
1696,1,HRV,2020-04-27,18
1697,0,HTI,2020-04-27,1
1698,21,HUN,2020-04-27,100
1699,46,IDN,2020-04-27,474
1700,0,IMN,2020-04-27,6
1701,39,IND,2020-04-27,1415
1702,34,IRL,2020-04-27,1489
1703,57,IRN,2020-04-27,1590
1704,1,IRQ,2020-04-27,30
1705,0,ISL,2020-04-27,8
1706,6,ISR,2020-04-27,137
1707,236,ITA,2020-04-27,1471
1708,0,JAM,2020-04-27,21
1709,1,JEY,2020-04-27,2
1710,0,JOR,2020-04-27,1
1711,10,JPN,2020-04-27,953
1712,1,KAZ,2020-04-27,150
1713,0,KEN,2020-04-27,2
1714,0,KGZ,2020-04-27,20
1715,0,KHM,2020-04-27,0
1716,0,KNA,2020-04-27,0
1717,3,KOR,2020-04-27,1
1718,0,KWT,2020-04-27,294
1719,0,LAO,2020-04-27,0
1720,1,LBN,2020-04-27,3
1721,0,LBR,2020-04-27,2
1722,0,LBY,2020-04-27,9
1723,0,LCA,2020-04-27,0
1724,0,LIE,2020-04-27,0
1725,0,LKA,2020-04-27,2
1726,3,LTU,2020-04-27,8
1727,2,LUX,2020-04-27,9
1728,0,LVA,2020-04-27,4
1729,2,MAR,2020-04-27,152
1730,0,MCO,2020-04-27,1
1731,3,MDA,2020-04-27,103
1732,0,MDG,2020-04-27,1
1733,0,MDV,2020-04-27,0
1734,68,MEX,2020-04-27,665
1735,1,MKD,2020-04-27,58
1736,0,MLI,2020-04-27,32
1737,0,MLT,2020-04-27,12
1738,0,MMR,2020-04-27,14
1739,0,MNE,2020-04-27,2
1740,0,MNG,2020-04-27,3
1741,0,MNP,2020-04-27,0
1742,0,MOZ,2020-04-27,6
1743,0,MRT,2020-04-27,0
1744,0,MSR,2020-04-27,0
1745,0,MUS,2020-04-27,2
1746,0,MWI,2020-04-27,0
1747,1,MYS,2020-04-27,66
1748,0,NAM,2020-04-27,0
1749,0,NCL,2020-04-27,0
1750,0,NER,2020-04-27,3
1751,2,NGA,2020-04-27,16
1752,0,NIC,2020-04-27,1
1753,61,NLD,2020-04-27,621
1754,7,NOR,2020-04-27,43
1755,0,NPL,2020-04-27,4
1756,0,NZL,2020-04-27,1
1757,0,OMN,2020-04-27,260
1758,14,PAK,2020-04-27,417
1759,3,PAN,2020-04-27,145
1760,21,PER,2020-04-27,2989
1761,35,PHL,2020-04-27,80
1762,0,PNG,2020-04-27,0
1763,17,POL,2020-04-27,255
1764,2,PRI,2020-04-27,19
1765,18,PRT,2020-04-27,276
1766,0,PRY,2020-04-27,5
1767,0,PSE,2020-04-27,8
1768,0,PYF,2020-04-27,0
1769,0,QAT,2020-04-27,901
1770,13,ROU,2020-04-27,259
1771,107,RUS,2020-04-27,10913
1772,0,RWA,2020-04-27,1
1773,3,SAU,2020-04-27,1031
1774,0,SDN,2020-04-27,6
1775,0,SEN,2020-04-27,4
1776,0,SGP,2020-04-27,673
1777,0,SLE,2020-04-27,4
1778,0,SLV,2020-04-27,6
1779,0,SMR,2020-04-27,7
1780,0,SOM,2020-04-27,20
1781,1,SRB,2020-04-27,493
1782,0,SSD,2020-04-27,0
1783,0,STP,2020-04-27,0
1784,0,SUR,2020-04-27,0
1785,0,SVK,2020-04-27,43
1786,2,SVN,2020-04-27,10
1787,70,SWE,2020-04-27,598
1788,0,SWZ,2020-04-27,0
1789,0,SXM,2020-04-27,0
1790,0,SYC,2020-04-27,0
1791,0,SYR,2020-04-27,1
1792,0,TCA,2020-04-27,0
1793,0,TCD,2020-04-27,5
1794,0,TGO,2020-04-27,1
1795,1,THA,2020-04-27,11
1796,0,TLS,2020-04-27,3
1797,0,TTO,2020-04-27,0
1798,1,TUN,2020-04-27,8
1799,86,TUR,2020-04-27,3680
1800,0,TWN,2020-04-27,1
1801,0,TZA,2020-04-27,25
1802,0,UGA,2020-04-27,0
1803,15,UKR,2020-04-27,1076
1804,0,URY,2020-04-27,3
1805,3693,USA,2020-04-27,17120
1806,0,UZB,2020-04-27,275
1807,0,VAT,2020-04-27,0
1808,0,VCT,2020-04-27,0
1809,0,VEN,2020-04-27,1
1810,0,VGB,2020-04-27,0
1811,0,VIR,2020-04-27,0
1812,0,VNM,2020-04-27,1
1813,1,XKX,2020-04-27,96
1814,0,YEM,2020-04-27,0
1815,11,ZAF,2020-04-27,23
1816,0,ZMB,2020-04-27,0
1817,0,ZWE,2020-04-27,3
1818,0,ABW,2020-04-28,0
1819,4,AFG,2020-04-28,56
1820,0,AGO,2020-04-28,0
1821,0,ALB,2020-04-28,9
1822,0,AND,2020-04-28,3
1823,6,ARE,2020-04-28,365
1824,4,ARG,2020-04-28,46
1825,1,ARM,2020-04-28,16
1826,0,ATG,2020-04-28,0
1827,2,AUS,2020-04-28,6
1828,8,AUT,2020-04-28,28
1829,0,AZE,2020-04-28,32
1830,0,BDI,2020-04-28,0
1831,291,BEL,2020-04-28,757
1832,0,BEN,2020-04-28,0
1833,1,BFA,2020-04-28,8
1834,5,BGD,2020-04-28,1728
1835,1,BGR,2020-04-28,11
1836,0,BHR,2020-04-28,160
1837,0,BHS,2020-04-28,0
1838,0,BIH,2020-04-28,19
1839,1,BLR,2020-04-28,409
1840,0,BLZ,2020-04-28,1
1841,0,BMU,2020-04-28,5
1842,0,BOL,2020-04-28,47
1843,267,BRA,2020-04-28,2681
1844,0,BRB,2020-04-28,0
1845,0,BRN,2020-04-28,0
1846,0,BTN,2020-04-28,0
1847,0,BWA,2020-04-28,0
1848,0,CAF,2020-04-28,0
1849,240,CAN,2020-04-28,742
1850,16,CHE,2020-04-28,142
1851,5,CHL,2020-04-28,268
1852,0,CHN,2020-04-28,0
1853,0,CIV,2020-04-28,39
1854,1,CMR,2020-04-28,1
1855,0,COD,2020-04-28,7
1856,0,COG,2020-04-28,32
1857,8,COL,2020-04-28,130
1858,0,CPV,2020-04-28,10
1859,0,CRI,2020-04-28,6
1860,5,CUB,2020-04-28,54
1861,0,CUW,2020-04-28,0
1862,0,CYM,2020-04-28,0
1863,0,CYP,2020-04-28,14
1864,3,CZE,2020-04-28,53
1865,178,DEU,2020-04-28,1155
1866,0,DJI,2020-04-28,125
1867,0,DMA,2020-04-28,0
1868,5,DNK,2020-04-28,230
1869,7,DOM,2020-04-28,170
1870,5,DZA,2020-04-28,40
1871,10,ECU,2020-04-28,376
1872,15,EGY,2020-04-28,314
1873,0,ERI,2020-04-28,0
1874,166,ESP,2020-04-28,1382
1875,1,EST,2020-04-28,16
1876,0,ETH,2020-04-28,6
1877,5,FIN,2020-04-28,102
1878,0,FJI,2020-04-28,0
1879,432,FRA,2020-04-28,1489
1880,0,FRO,2020-04-28,0
1881,0,GAB,2020-04-28,13
1882,501,GBR,2020-04-28,4376
1883,0,GEO,2020-04-28,31
1884,0,GGY,2020-04-28,1
1885,0,GHA,2020-04-28,56
1886,0,GIB,2020-04-28,1
1887,0,GIN,2020-04-28,42
1888,0,GMB,2020-04-28,0
1889,0,GNB,2020-04-28,0
1890,0,GNQ,2020-04-28,13
1891,1,GRC,2020-04-28,22
1892,0,GRD,2020-04-28,0
1893,0,GRL,2020-04-28,0
1894,0,GTM,2020-04-28,39
1895,0,GUM,2020-04-28,1
1896,0,GUY,2020-04-28,3
1897,5,HND,2020-04-28,2
1898,2,HRV,2020-04-28,17
1899,0,HTI,2020-04-28,2
1900,23,HUN,2020-04-28,99
1901,48,IDN,2020-04-28,483
1902,0,IMN,2020-04-28,6
1903,38,IND,2020-04-28,1424
1904,32,IRL,2020-04-28,1540
1905,54,IRN,2020-04-28,1543
1906,0,IRQ,2020-04-28,28
1907,0,ISL,2020-04-28,8
1908,6,ISR,2020-04-28,127
1909,222,ITA,2020-04-28,1381
1910,0,JAM,2020-04-28,21
1911,1,JEY,2020-04-28,2
1912,0,JOR,2020-04-28,0
1913,10,JPN,2020-04-28,953
1914,1,KAZ,2020-04-28,154
1915,1,KEN,2020-04-28,1
1916,0,KGZ,2020-04-28,19
1917,0,KHM,2020-04-28,0
1918,0,KNA,2020-04-28,0
1919,2,KOR,2020-04-28,1
1920,0,KWT,2020-04-28,317
1921,0,LAO,2020-04-28,1
1922,0,LBN,2020-04-28,2
1923,0,LBR,2020-04-28,2
1924,0,LBY,2020-04-28,9
1925,0,LCA,2020-04-28,0
1926,0,LIE,2020-04-28,0
1927,0,LKA,2020-04-28,2
1928,3,LTU,2020-04-28,7
1929,1,LUX,2020-04-28,8
1930,0,LVA,2020-04-28,3
1931,2,MAR,2020-04-28,151
1932,0,MCO,2020-04-28,1
1933,3,MDA,2020-04-28,100
1934,0,MDG,2020-04-28,1
1935,0,MDV,2020-04-28,0
1936,69,MEX,2020-04-28,679
1937,2,MKD,2020-04-28,56
1938,0,MLI,2020-04-28,34
1939,0,MLT,2020-04-28,13
1940,0,MMR,2020-04-28,14
1941,0,MNE,2020-04-28,2
1942,0,MNG,2020-04-28,3
1943,0,MNP,2020-04-28,0
1944,0,MOZ,2020-04-28,7
1945,0,MRT,2020-04-28,0
1946,0,MSR,2020-04-28,0
1947,0,MUS,2020-04-28,2
1948,0,MWI,2020-04-28,1
1949,0,MYS,2020-04-28,62
1950,0,NAM,2020-04-28,0
1951,0,NCL,2020-04-28,0
1952,0,NER,2020-04-28,2
1953,2,NGA,2020-04-28,15
1954,0,NIC,2020-04-28,1
1955,58,NLD,2020-04-28,594
1956,6,NOR,2020-04-28,40
1957,0,NPL,2020-04-28,4
1958,0,NZL,2020-04-28,1
1959,0,OMN,2020-04-28,284
1960,14,PAK,2020-04-28,417
1961,4,PAN,2020-04-28,141
1962,21,PER,2020-04-28,3165
1963,36,PHL,2020-04-28,75
1964,0,PNG,2020-04-28,0
1965,16,POL,2020-04-28,246
1966,2,PRI,2020-04-28,18
1967,18,PRT,2020-04-28,256
1968,0,PRY,2020-04-28,5
1969,0,PSE,2020-04-28,8
1970,0,PYF,2020-04-28,0
1971,0,QAT,2020-04-28,986
1972,12,ROU,2020-04-28,249
1973,121,RUS,2020-04-28,12064
1974,0,RWA,2020-04-28,0
1975,4,SAU,2020-04-28,1097
1976,0,SDN,2020-04-28,7
1977,0,SEN,2020-04-28,4
1978,1,SGP,2020-04-28,673
1979,0,SLE,2020-04-28,4
1980,0,SLV,2020-04-28,5
1981,0,SMR,2020-04-28,6
1982,0,SOM,2020-04-28,20
1983,2,SRB,2020-04-28,499
1984,0,SSD,2020-04-28,0
1985,0,STP,2020-04-28,0
1986,0,SUR,2020-04-28,0
1987,0,SVK,2020-04-28,42
1988,2,SVN,2020-04-28,10
1989,68,SWE,2020-04-28,595
1990,0,SWZ,2020-04-28,1
1991,0,SXM,2020-04-28,0
1992,0,SYC,2020-04-28,0
1993,0,SYR,2020-04-28,2
1994,0,TCA,2020-04-28,0
1995,0,TCD,2020-04-28,5
1996,0,TGO,2020-04-28,1
1997,1,THA,2020-04-28,9
1998,0,TLS,2020-04-28,3
1999,0,TTO,2020-04-28,0
2000,1,TUN,2020-04-28,7
2001,84,TUR,2020-04-28,3549
2002,0,TWN,2020-04-28,1
2003,0,TZA,2020-04-28,25
2004,0,UGA,2020-04-28,0
2005,15,UKR,2020-04-28,1155
2006,0,URY,2020-04-28,3
2007,3730,USA,2020-04-28,16171
2008,0,UZB,2020-04-28,291
2009,0,VAT,2020-04-28,0
2010,0,VCT,2020-04-28,0
2011,0,VEN,2020-04-28,1
2012,0,VGB,2020-04-28,0
2013,0,VIR,2020-04-28,0
2014,0,VNM,2020-04-28,1
2015,1,XKX,2020-04-28,103
2016,0,YEM,2020-04-28,0
2017,13,ZAF,2020-04-28,21
2018,0,ZMB,2020-04-28,0
2019,0,ZWE,2020-04-28,3
2020,0,ABW,2020-04-29,0
2021,3,AFG,2020-04-29,56
2022,0,AGO,2020-04-29,0
2023,0,ALB,2020-04-29,7
2024,0,AND,2020-04-29,3
2025,7,ARE,2020-04-29,354
2026,5,ARG,2020-04-29,44
2027,2,ARM,2020-04-29,14
2028,0,ATG,2020-04-29,1
2029,1,AUS,2020-04-29,5
2030,8,AUT,2020-04-29,25
2031,1,AZE,2020-04-29,30
2032,0,BDI,2020-04-29,0
2033,282,BEL,2020-04-29,719
2034,0,BEN,2020-04-29,0
2035,0,BFA,2020-04-29,7
2036,5,BGD,2020-04-29,1982
2037,2,BGR,2020-04-29,10
2038,0,BHR,2020-04-29,160
2039,0,BHS,2020-04-29,1
2040,0,BIH,2020-04-29,19
2041,2,BLR,2020-04-29,393
2042,0,BLZ,2020-04-29,1
2043,0,BMU,2020-04-29,4
2044,1,BOL,2020-04-29,47
2045,271,BRA,2020-04-29,2697
2046,0,BRB,2020-04-29,0
2047,0,BRN,2020-04-29,0
2048,0,BTN,2020-04-29,0
2049,0,BWA,2020-04-29,0
2050,0,CAF,2020-04-29,0
2051,250,CAN,2020-04-29,702
2052,14,CHE,2020-04-29,129
2053,5,CHL,2020-04-29,258
2054,0,CHN,2020-04-29,0
2055,0,CIV,2020-04-29,39
2056,2,CMR,2020-04-29,0
2057,0,COD,2020-04-29,6
2058,0,COG,2020-04-29,34
2059,8,COL,2020-04-29,126
2060,0,CPV,2020-04-29,10
2061,0,CRI,2020-04-29,5
2062,5,CUB,2020-04-29,54
2063,0,CUW,2020-04-29,0
2064,0,CYM,2020-04-29,0
2065,0,CYP,2020-04-29,14
2066,3,CZE,2020-04-29,48
2067,171,DEU,2020-04-29,1066
2068,0,DJI,2020-04-29,125
2069,0,DMA,2020-04-29,0
2070,6,DNK,2020-04-29,227
2071,7,DOM,2020-04-29,166
2072,4,DZA,2020-04-29,36
2073,9,ECU,2020-04-29,369
2074,15,EGY,2020-04-29,328
2075,0,ERI,2020-04-29,0
2076,151,ESP,2020-04-29,1268
2077,0,EST,2020-04-29,16
2078,0,ETH,2020-04-29,6
2079,5,FIN,2020-04-29,98
2080,0,FJI,2020-04-29,0
2081,404,FRA,2020-04-29,1399
2082,0,FRO,2020-04-29,0
2083,0,GAB,2020-04-29,13
2084,473,GBR,2020-04-29,4240
2085,0,GEO,2020-04-29,33
2086,0,GGY,2020-04-29,2
2087,0,GHA,2020-04-29,57
2088,0,GIB,2020-04-29,0
2089,0,GIN,2020-04-29,42
2090,0,GMB,2020-04-29,0
2091,0,GNB,2020-04-29,0
2092,0,GNQ,2020-04-29,13
2093,1,GRC,2020-04-29,20
2094,0,GRD,2020-04-29,0
2095,0,GRL,2020-04-29,0
2096,0,GTM,2020-04-29,41
2097,0,GUM,2020-04-29,1
2098,0,GUY,2020-04-29,2
2099,5,HND,2020-04-29,2
2100,2,HRV,2020-04-29,15
2101,0,HTI,2020-04-29,1
2102,22,HUN,2020-04-29,99
2103,49,IDN,2020-04-29,493
2104,0,IMN,2020-04-29,6
2105,37,IND,2020-04-29,1430
2106,32,IRL,2020-04-29,1591
2107,51,IRN,2020-04-29,1495
2108,1,IRQ,2020-04-29,27
2109,0,ISL,2020-04-29,6
2110,5,ISR,2020-04-29,115
2111,207,ITA,2020-04-29,1295
2112,0,JAM,2020-04-29,21
2113,1,JEY,2020-04-29,1
2114,0,JOR,2020-04-29,1
2115,11,JPN,2020-04-29,953
2116,0,KAZ,2020-04-29,157
2117,0,KEN,2020-04-29,2
2118,0,KGZ,2020-04-29,19
2119,0,KHM,2020-04-29,0
2120,0,KNA,2020-04-29,0
2121,3,KOR,2020-04-29,1
2122,0,KWT,2020-04-29,342
2123,0,LAO,2020-04-29,0
2124,0,LBN,2020-04-29,3
2125,0,LBR,2020-04-29,2
2126,0,LBY,2020-04-29,9
2127,0,LCA,2020-04-29,0
2128,0,LIE,2020-04-29,0
2129,0,LKA,2020-04-29,3
2130,3,LTU,2020-04-29,7
2131,2,LUX,2020-04-29,6
2132,0,LVA,2020-04-29,3
2133,1,MAR,2020-04-29,151
2134,0,MCO,2020-04-29,0
2135,2,MDA,2020-04-29,96
2136,0,MDG,2020-04-29,0
2137,0,MDV,2020-04-29,0
2138,69,MEX,2020-04-29,691
2139,1,MKD,2020-04-29,57
2140,0,MLI,2020-04-29,35
2141,0,MLT,2020-04-29,12
2142,0,MMR,2020-04-29,14
2143,0,MNE,2020-04-29,1
2144,0,MNG,2020-04-29,3
2145,0,MNP,2020-04-29,0
2146,0,MOZ,2020-04-29,7
2147,0,MRT,2020-04-29,0
2148,0,MSR,2020-04-29,0
2149,0,MUS,2020-04-29,1
2150,0,MWI,2020-04-29,0
2151,0,MYS,2020-04-29,59
2152,0,NAM,2020-04-29,0
2153,0,NCL,2020-04-29,0
2154,0,NER,2020-04-29,2
2155,2,NGA,2020-04-29,14
2156,0,NIC,2020-04-29,2
2157,53,NLD,2020-04-29,565
2158,6,NOR,2020-04-29,36
2159,0,NPL,2020-04-29,4
2160,0,NZL,2020-04-29,1
2161,0,OMN,2020-04-29,313
2162,15,PAK,2020-04-29,415
2163,4,PAN,2020-04-29,136
2164,21,PER,2020-04-29,3343
2165,36,PHL,2020-04-29,68
2166,0,PNG,2020-04-29,0
2167,15,POL,2020-04-29,235
2168,2,PRI,2020-04-29,16
2169,16,PRT,2020-04-29,237
2170,0,PRY,2020-04-29,5
2171,0,PSE,2020-04-29,8
2172,0,PYF,2020-04-29,0
2173,0,QAT,2020-04-29,1077
2174,11,ROU,2020-04-29,239
2175,134,RUS,2020-04-29,13312
2176,0,RWA,2020-04-29,1
2177,3,SAU,2020-04-29,1168
2178,0,SDN,2020-04-29,7
2179,0,SEN,2020-04-29,3
2180,0,SGP,2020-04-29,673
2181,0,SLE,2020-04-29,4
2182,0,SLV,2020-04-29,6
2183,0,SMR,2020-04-29,6
2184,0,SOM,2020-04-29,20
2185,1,SRB,2020-04-29,504
2186,0,SSD,2020-04-29,0
2187,0,STP,2020-04-29,0
2188,0,SUR,2020-04-29,0
2189,0,SVK,2020-04-29,43
2190,1,SVN,2020-04-29,9
2191,65,SWE,2020-04-29,591
2192,0,SWZ,2020-04-29,0
2193,0,SXM,2020-04-29,0
2194,0,SYC,2020-04-29,0
2195,0,SYR,2020-04-29,1
2196,0,TCA,2020-04-29,1
2197,0,TCD,2020-04-29,5
2198,0,TGO,2020-04-29,1
2199,0,THA,2020-04-29,8
2200,0,TLS,2020-04-29,3
2201,0,TTO,2020-04-29,0
2202,1,TUN,2020-04-29,6
2203,80,TUR,2020-04-29,3415
2204,0,TWN,2020-04-29,1
2205,0,TZA,2020-04-29,25
2206,0,UGA,2020-04-29,0
2207,14,UKR,2020-04-29,1237
2208,0,URY,2020-04-29,2
2209,3756,USA,2020-04-29,15254
2210,0,UZB,2020-04-29,306
2211,0,VAT,2020-04-29,0
2212,0,VCT,2020-04-29,0
2213,0,VEN,2020-04-29,1
2214,0,VGB,2020-04-29,0
2215,0,VIR,2020-04-29,0
2216,0,VNM,2020-04-29,0
2217,0,XKX,2020-04-29,113
2218,0,YEM,2020-04-29,0
2219,12,ZAF,2020-04-29,20
2220,0,ZMB,2020-04-29,0
2221,0,ZWE,2020-04-29,3
2222,0,ABW,2020-04-30,0
2223,3,AFG,2020-04-30,55
2224,0,AGO,2020-04-30,0
2225,0,ALB,2020-04-30,8
2226,0,AND,2020-04-30,3
2227,7,ARE,2020-04-30,343
2228,4,ARG,2020-04-30,41
2229,1,ARM,2020-04-30,14
2230,0,ATG,2020-04-30,0
2231,2,AUS,2020-04-30,4
2232,7,AUT,2020-04-30,21
2233,1,AZE,2020-04-30,29
2234,0,BDI,2020-04-30,0
2235,272,BEL,2020-04-30,681
2236,0,BEN,2020-04-30,1
2237,1,BFA,2020-04-30,6
2238,5,BGD,2020-04-30,2267
2239,2,BGR,2020-04-30,10
2240,0,BHR,2020-04-30,160
2241,0,BHS,2020-04-30,1
2242,0,BIH,2020-04-30,17
2243,2,BLR,2020-04-30,376
2244,0,BLZ,2020-04-30,2
2245,0,BMU,2020-04-30,5
2246,0,BOL,2020-04-30,48
2247,275,BRA,2020-04-30,2707
2248,0,BRB,2020-04-30,1
2249,0,BRN,2020-04-30,0
2250,0,BTN,2020-04-30,0
2251,0,BWA,2020-04-30,0
2252,0,CAF,2020-04-30,0
2253,260,CAN,2020-04-30,662
2254,14,CHE,2020-04-30,118
2255,5,CHL,2020-04-30,247
2256,0,CHN,2020-04-30,0
2257,0,CIV,2020-04-30,38
2258,1,CMR,2020-04-30,1
2259,1,COD,2020-04-30,6
2260,0,COG,2020-04-30,38
2261,8,COL,2020-04-30,122
2262,0,CPV,2020-04-30,10
2263,0,CRI,2020-04-30,5
2264,5,CUB,2020-04-30,52
2265,0,CUW,2020-04-30,0
2266,0,CYM,2020-04-30,0
2267,0,CYP,2020-04-30,13
2268,3,CZE,2020-04-30,44
2269,165,DEU,2020-04-30,982
2270,0,DJI,2020-04-30,125
2271,0,DMA,2020-04-30,0
2272,5,DNK,2020-04-30,223
2273,7,DOM,2020-04-30,161
2274,4,DZA,2020-04-30,35
2275,8,ECU,2020-04-30,359
2276,15,EGY,2020-04-30,339
2277,0,ERI,2020-04-30,0
2278,137,ESP,2020-04-30,1161
2279,0,EST,2020-04-30,15
2280,0,ETH,2020-04-30,6
2281,5,FIN,2020-04-30,97
2282,0,FJI,2020-04-30,0
2283,376,FRA,2020-04-30,1311
2284,0,FRO,2020-04-30,0
2285,0,GAB,2020-04-30,13
2286,445,GBR,2020-04-30,4101
2287,0,GEO,2020-04-30,34
2288,0,GGY,2020-04-30,1
2289,0,GHA,2020-04-30,57
2290,0,GIB,2020-04-30,0
2291,0,GIN,2020-04-30,40
2292,0,GMB,2020-04-30,0
2293,0,GNB,2020-04-30,0
2294,0,GNQ,2020-04-30,13
2295,1,GRC,2020-04-30,19
2296,0,GRD,2020-04-30,0
2297,0,GRL,2020-04-30,0
2298,0,GTM,2020-04-30,44
2299,0,GUM,2020-04-30,0
2300,0,GUY,2020-04-30,3
2301,5,HND,2020-04-30,2
2302,2,HRV,2020-04-30,15
2303,0,HTI,2020-04-30,1
2304,23,HUN,2020-04-30,98
2305,50,IDN,2020-04-30,501
2306,0,IMN,2020-04-30,5
2307,36,IND,2020-04-30,1431
2308,31,IRL,2020-04-30,1642
2309,48,IRN,2020-04-30,1449
2310,1,IRQ,2020-04-30,26
2311,0,ISL,2020-04-30,7
2312,5,ISR,2020-04-30,106
2313,194,ITA,2020-04-30,1215
2314,0,JAM,2020-04-30,21
2315,1,JEY,2020-04-30,1
2316,0,JOR,2020-04-30,1
2317,11,JPN,2020-04-30,953
2318,1,KAZ,2020-04-30,161
2319,0,KEN,2020-04-30,1
2320,0,KGZ,2020-04-30,17
2321,0,KHM,2020-04-30,0
2322,0,KNA,2020-04-30,0
2323,2,KOR,2020-04-30,0
2324,0,KWT,2020-04-30,369
2325,0,LAO,2020-04-30,0
2326,0,LBN,2020-04-30,2
2327,0,LBR,2020-04-30,2
2328,0,LBY,2020-04-30,11
2329,0,LCA,2020-04-30,0
2330,0,LIE,2020-04-30,0
2331,0,LKA,2020-04-30,2
2332,3,LTU,2020-04-30,6
2333,2,LUX,2020-04-30,6
2334,0,LVA,2020-04-30,2
2335,1,MAR,2020-04-30,150
2336,0,MCO,2020-04-30,1
2337,3,MDA,2020-04-30,93
2338,0,MDG,2020-04-30,1
2339,0,MDV,2020-04-30,0
2340,69,MEX,2020-04-30,703
2341,1,MKD,2020-04-30,56
2342,1,MLI,2020-04-30,37
2343,0,MLT,2020-04-30,11
2344,0,MMR,2020-04-30,14
2345,0,MNE,2020-04-30,1
2346,0,MNG,2020-04-30,3
2347,0,MNP,2020-04-30,0
2348,0,MOZ,2020-04-30,8
2349,0,MRT,2020-04-30,0
2350,0,MSR,2020-04-30,1
2351,0,MUS,2020-04-30,2
2352,0,MWI,2020-04-30,0
2353,1,MYS,2020-04-30,56
2354,0,NAM,2020-04-30,0
2355,0,NCL,2020-04-30,0
2356,0,NER,2020-04-30,2
2357,2,NGA,2020-04-30,14
2358,0,NIC,2020-04-30,1
2359,50,NLD,2020-04-30,539
2360,6,NOR,2020-04-30,34
2361,0,NPL,2020-04-30,4
2362,0,NZL,2020-04-30,1
2363,0,OMN,2020-04-30,342
2364,14,PAK,2020-04-30,412
2365,3,PAN,2020-04-30,131
2366,20,PER,2020-04-30,3520
2367,38,PHL,2020-04-30,64
2368,0,PNG,2020-04-30,0
2369,15,POL,2020-04-30,225
2370,1,PRI,2020-04-30,15
2371,16,PRT,2020-04-30,221
2372,0,PRY,2020-04-30,5
2373,0,PSE,2020-04-30,7
2374,0,PYF,2020-04-30,0
2375,0,QAT,2020-04-30,1177
2376,10,ROU,2020-04-30,230
2377,149,RUS,2020-04-30,14661
2378,0,RWA,2020-04-30,1
2379,3,SAU,2020-04-30,1239
2380,0,SDN,2020-04-30,8
2381,0,SEN,2020-04-30,4
2382,0,SGP,2020-04-30,673
2383,0,SLE,2020-04-30,4
2384,0,SLV,2020-04-30,5
2385,0,SMR,2020-04-30,6
2386,0,SOM,2020-04-30,20
2387,1,SRB,2020-04-30,508
2388,0,SSD,2020-04-30,0
2389,0,STP,2020-04-30,0
2390,0,SUR,2020-04-30,0
2391,0,SVK,2020-04-30,42
2392,1,SVN,2020-04-30,8
2393,62,SWE,2020-04-30,587
2394,0,SWZ,2020-04-30,0
2395,0,SXM,2020-04-30,0
2396,0,SYC,2020-04-30,0
2397,0,SYR,2020-04-30,1
2398,0,TCA,2020-04-30,0
2399,0,TCD,2020-04-30,5
2400,0,TGO,2020-04-30,2
2401,1,THA,2020-04-30,7
2402,0,TLS,2020-04-30,3
2403,0,TTO,2020-04-30,0
2404,1,TUN,2020-04-30,7
2405,77,TUR,2020-04-30,3281
2406,0,TWN,2020-04-30,1
2407,0,TZA,2020-04-30,25
2408,0,UGA,2020-04-30,0
2409,15,UKR,2020-04-30,1322
2410,0,URY,2020-04-30,3
2411,3775,USA,2020-04-30,14371
2412,0,UZB,2020-04-30,321
2413,0,VAT,2020-04-30,0
2414,0,VCT,2020-04-30,0
2415,0,VEN,2020-04-30,0
2416,0,VGB,2020-04-30,0
2417,0,VIR,2020-04-30,1
2418,0,VNM,2020-04-30,1
2419,1,XKX,2020-04-30,122
2420,0,YEM,2020-04-30,0
2421,14,ZAF,2020-04-30,18
2422,0,ZMB,2020-04-30,0
2423,0,ZWE,2020-04-30,3
2424,0,ABW,2020-05-01,1
2425,4,AFG,2020-05-01,54
2426,0,AGO,2020-05-01,0
2427,0,ALB,2020-05-01,7
2428,1,AND,2020-05-01,3
2429,7,ARE,2020-05-01,331
2430,5,ARG,2020-05-01,38
2431,1,ARM,2020-05-01,13
2432,0,ATG,2020-05-01,0
2433,1,AUS,2020-05-01,4
2434,7,AUT,2020-05-01,20
2435,0,AZE,2020-05-01,26
2436,0,BDI,2020-05-01,0
2437,263,BEL,2020-05-01,646
2438,0,BEN,2020-05-01,0
2439,0,BFA,2020-05-01,6
2440,5,BGD,2020-05-01,2582
2441,1,BGR,2020-05-01,9
2442,0,BHR,2020-05-01,160
2443,0,BHS,2020-05-01,0
2444,0,BIH,2020-05-01,16
2445,1,BLR,2020-05-01,358
2446,0,BLZ,2020-05-01,1
2447,0,BMU,2020-05-01,5
2448,1,BOL,2020-05-01,49
2449,278,BRA,2020-05-01,2714
2450,0,BRB,2020-05-01,0
2451,0,BRN,2020-05-01,0
2452,0,BTN,2020-05-01,0
2453,0,BWA,2020-05-01,0
2454,0,CAF,2020-05-01,0
2455,269,CAN,2020-05-01,624
2456,13,CHE,2020-05-01,107
2457,4,CHL,2020-05-01,236
2458,1,CHN,2020-05-01,0
2459,0,CIV,2020-05-01,37
2460,1,CMR,2020-05-01,1
2461,0,COD,2020-05-01,5
2462,0,COG,2020-05-01,42
2463,8,COL,2020-05-01,118
2464,0,CPV,2020-05-01,10
2465,0,CRI,2020-05-01,5
2466,6,CUB,2020-05-01,51
2467,0,CUW,2020-05-01,0
2468,0,CYM,2020-05-01,1
2469,0,CYP,2020-05-01,13
2470,2,CZE,2020-05-01,40
2471,159,DEU,2020-05-01,905
2472,0,DJI,2020-05-01,125
2473,0,DMA,2020-05-01,0
2474,4,DNK,2020-05-01,218
2475,6,DOM,2020-05-01,158
2476,3,DZA,2020-05-01,32
2477,8,ECU,2020-05-01,350
2478,14,EGY,2020-05-01,353
2479,0,ERI,2020-05-01,0
2480,126,ESP,2020-05-01,1064
2481,1,EST,2020-05-01,14
2482,0,ETH,2020-05-01,6
2483,5,FIN,2020-05-01,93
2484,0,FJI,2020-05-01,0
2485,350,FRA,2020-05-01,1229
2486,0,FRO,2020-05-01,0
2487,0,GAB,2020-05-01,13
2488,417,GBR,2020-05-01,3962
2489,0,GEO,2020-05-01,36
2490,0,GGY,2020-05-01,0
2491,0,GHA,2020-05-01,57
2492,0,GIB,2020-05-01,0
2493,0,GIN,2020-05-01,40
2494,0,GMB,2020-05-01,0
2495,0,GNB,2020-05-01,0
2496,0,GNQ,2020-05-01,13
2497,1,GRC,2020-05-01,18
2498,0,GRD,2020-05-01,0
2499,0,GRL,2020-05-01,0
2500,0,GTM,2020-05-01,46
2501,0,GUM,2020-05-01,1
2502,0,GUY,2020-05-01,2
2503,5,HND,2020-05-01,2
2504,1,HRV,2020-05-01,13
2505,0,HTI,2020-05-01,2
2506,24,HUN,2020-05-01,96
2507,51,IDN,2020-05-01,509
2508,0,IMN,2020-05-01,5
2509,36,IND,2020-05-01,1430
2510,31,IRL,2020-05-01,1692
2511,46,IRN,2020-05-01,1402
2512,0,IRQ,2020-05-01,24
2513,0,ISL,2020-05-01,5
2514,4,ISR,2020-05-01,97
2515,182,ITA,2020-05-01,1139
2516,0,JAM,2020-05-01,21
2517,1,JEY,2020-05-01,1
2518,0,JOR,2020-05-01,0
2519,11,JPN,2020-05-01,953
2520,0,KAZ,2020-05-01,163
2521,0,KEN,2020-05-01,1
2522,0,KGZ,2020-05-01,17
2523,0,KHM,2020-05-01,0
2524,0,KNA,2020-05-01,0
2525,2,KOR,2020-05-01,1
2526,0,KWT,2020-05-01,398
2527,0,LAO,2020-05-01,0
2528,0,LBN,2020-05-01,2
2529,0,LBR,2020-05-01,1
2530,0,LBY,2020-05-01,11
2531,0,LCA,2020-05-01,0
2532,0,LIE,2020-05-01,0
2533,0,LKA,2020-05-01,1
2534,3,LTU,2020-05-01,6
2535,1,LUX,2020-05-01,5
2536,0,LVA,2020-05-01,2
2537,2,MAR,2020-05-01,150
2538,0,MCO,2020-05-01,0
2539,3,MDA,2020-05-01,89
2540,0,MDG,2020-05-01,0
2541,0,MDV,2020-05-01,1
2542,69,MEX,2020-05-01,713
2543,1,MKD,2020-05-01,55
2544,0,MLI,2020-05-01,39
2545,0,MLT,2020-05-01,12
2546,0,MMR,2020-05-01,14
2547,0,MNE,2020-05-01,2
2548,0,MNG,2020-05-01,3
2549,0,MNP,2020-05-01,0
2550,0,MOZ,2020-05-01,9
2551,0,MRT,2020-05-01,0
2552,0,MSR,2020-05-01,0
2553,0,MUS,2020-05-01,1
2554,0,MWI,2020-05-01,0
2555,0,MYS,2020-05-01,53
2556,0,NAM,2020-05-01,0
2557,0,NCL,2020-05-01,0
2558,0,NER,2020-05-01,1
2559,2,NGA,2020-05-01,14
2560,0,NIC,2020-05-01,2
2561,46,NLD,2020-05-01,513
2562,6,NOR,2020-05-01,31
2563,0,NPL,2020-05-01,4
2564,0,NZL,2020-05-01,1
2565,0,OMN,2020-05-01,376
2566,15,PAK,2020-05-01,411
2567,3,PAN,2020-05-01,126
2568,19,PER,2020-05-01,3698
2569,38,PHL,2020-05-01,58
2570,0,PNG,2020-05-01,0
2571,15,POL,2020-05-01,215
2572,2,PRI,2020-05-01,14
2573,15,PRT,2020-05-01,204
2574,0,PRY,2020-05-01,5
2575,0,PSE,2020-05-01,7
2576,0,PYF,2020-05-01,0
2577,0,QAT,2020-05-01,1286
2578,10,ROU,2020-05-01,219
2579,165,RUS,2020-05-01,16121
2580,0,RWA,2020-05-01,0
2581,3,SAU,2020-05-01,1316
2582,0,SDN,2020-05-01,8
2583,0,SEN,2020-05-01,3
2584,1,SGP,2020-05-01,673
2585,0,SLE,2020-05-01,4
2586,0,SLV,2020-05-01,4
2587,1,SMR,2020-05-01,6
2588,0,SOM,2020-05-01,20
2589,1,SRB,2020-05-01,512
2590,0,SSD,2020-05-01,0
2591,0,STP,2020-05-01,0
2592,0,SUR,2020-05-01,0
2593,0,SVK,2020-05-01,43
2594,1,SVN,2020-05-01,8
2595,60,SWE,2020-05-01,583
2596,0,SWZ,2020-05-01,0
2597,0,SXM,2020-05-01,0
2598,0,SYC,2020-05-01,0
2599,0,SYR,2020-05-01,1
2600,0,TCA,2020-05-01,0
2601,0,TCD,2020-05-01,5
2602,0,TGO,2020-05-01,1
2603,0,THA,2020-05-01,7
2604,0,TLS,2020-05-01,3
2605,0,TTO,2020-05-01,0
2606,0,TUN,2020-05-01,5
2607,73,TUR,2020-05-01,3145
2608,0,TWN,2020-05-01,0
2609,0,TZA,2020-05-01,25
2610,0,UGA,2020-05-01,0
2611,15,UKR,2020-05-01,1410
2612,0,URY,2020-05-01,2
2613,3785,USA,2020-05-01,13522
2614,0,UZB,2020-05-01,338
2615,0,VAT,2020-05-01,0
2616,0,VCT,2020-05-01,0
2617,0,VEN,2020-05-01,1
2618,0,VGB,2020-05-01,0
2619,0,VIR,2020-05-01,0
2620,0,VNM,2020-05-01,1
2621,1,XKX,2020-05-01,134
2622,0,YEM,2020-05-01,0
2623,15,ZAF,2020-05-01,17
2624,0,ZMB,2020-05-01,0
2625,0,ZWE,2020-05-01,3
2626,0,ABW,2020-05-02,0
2627,3,AFG,2020-05-02,54
2628,0,AGO,2020-05-02,0
2629,0,ALB,2020-05-02,6
2630,0,AND,2020-05-02,2
2631,8,ARE,2020-05-02,320
2632,4,ARG,2020-05-02,37
2633,1,ARM,2020-05-02,12
2634,0,ATG,2020-05-02,0
2635,2,AUS,2020-05-02,3
2636,6,AUT,2020-05-02,17
2637,1,AZE,2020-05-02,25
2638,0,BDI,2020-05-02,0
2639,252,BEL,2020-05-02,610
2640,0,BEN,2020-05-02,0
2641,1,BFA,2020-05-02,6
2642,5,BGD,2020-05-02,2931
2643,2,BGR,2020-05-02,9
2644,0,BHR,2020-05-02,160
2645,0,BHS,2020-05-02,1
2646,0,BIH,2020-05-02,15
2647,1,BLR,2020-05-02,340
2648,0,BLZ,2020-05-02,1
2649,0,BMU,2020-05-02,4
2650,0,BOL,2020-05-02,50
2651,282,BRA,2020-05-02,2715
2652,0,BRB,2020-05-02,1
2653,0,BRN,2020-05-02,0
2654,0,BTN,2020-05-02,0
2655,0,BWA,2020-05-02,0
2656,0,CAF,2020-05-02,0
2657,280,CAN,2020-05-02,587
2658,12,CHE,2020-05-02,98
2659,4,CHL,2020-05-02,226
2660,0,CHN,2020-05-02,0
2661,0,CIV,2020-05-02,36
2662,1,CMR,2020-05-02,0
2663,0,COD,2020-05-02,6
2664,0,COG,2020-05-02,45
2665,7,COL,2020-05-02,114
2666,0,CPV,2020-05-02,10
2667,0,CRI,2020-05-02,5
2668,6,CUB,2020-05-02,51
2669,0,CUW,2020-05-02,0
2670,0,CYM,2020-05-02,0
2671,0,CYP,2020-05-02,11
2672,2,CZE,2020-05-02,37
2673,152,DEU,2020-05-02,833
2674,0,DJI,2020-05-02,125
2675,0,DMA,2020-05-02,0
2676,4,DNK,2020-05-02,214
2677,6,DOM,2020-05-02,152
2678,3,DZA,2020-05-02,30
2679,7,ECU,2020-05-02,341
2680,15,EGY,2020-05-02,365
2681,0,ERI,2020-05-02,1
2682,114,ESP,2020-05-02,973
2683,0,EST,2020-05-02,13
2684,0,ETH,2020-05-02,6
2685,5,FIN,2020-05-02,91
2686,0,FJI,2020-05-02,0
2687,326,FRA,2020-05-02,1152
2688,0,FRO,2020-05-02,0
2689,0,GAB,2020-05-02,13
2690,392,GBR,2020-05-02,3821
2691,0,GEO,2020-05-02,36
2692,0,GGY,2020-05-02,1
2693,0,GHA,2020-05-02,58
2694,0,GIB,2020-05-02,1
2695,0,GIN,2020-05-02,38
2696,0,GMB,2020-05-02,0
2697,0,GNB,2020-05-02,0
2698,0,GNQ,2020-05-02,13
2699,0,GRC,2020-05-02,17
2700,0,GRD,2020-05-02,0
2701,0,GRL,2020-05-02,0
2702,0,GTM,2020-05-02,49
2703,0,GUM,2020-05-02,0
2704,0,GUY,2020-05-02,2
2705,5,HND,2020-05-02,1
2706,2,HRV,2020-05-02,12
2707,0,HTI,2020-05-02,1
2708,24,HUN,2020-05-02,96
2709,52,IDN,2020-05-02,517
2710,0,IMN,2020-05-02,4
2711,34,IND,2020-05-02,1425
2712,29,IRL,2020-05-02,1740
2713,44,IRN,2020-05-02,1358
2714,1,IRQ,2020-05-02,23
2715,0,ISL,2020-05-02,5
2716,5,ISR,2020-05-02,89
2717,169,ITA,2020-05-02,1068
2718,0,JAM,2020-05-02,21
2719,1,JEY,2020-05-02,1
2720,0,JOR,2020-05-02,1
2721,12,JPN,2020-05-02,953
2722,1,KAZ,2020-05-02,167
2723,0,KEN,2020-05-02,1
2724,0,KGZ,2020-05-02,16
2725,0,KHM,2020-05-02,0
2726,0,KNA,2020-05-02,0
2727,2,KOR,2020-05-02,1
2728,0,KWT,2020-05-02,429
2729,0,LAO,2020-05-02,1
2730,0,LBN,2020-05-02,2
2731,0,LBR,2020-05-02,2
2732,0,LBY,2020-05-02,11
2733,0,LCA,2020-05-02,0
2734,0,LIE,2020-05-02,0
2735,0,LKA,2020-05-02,2
2736,3,LTU,2020-05-02,5
2737,2,LUX,2020-05-02,5
2738,0,LVA,2020-05-02,3
2739,1,MAR,2020-05-02,148
2740,0,MCO,2020-05-02,1
2741,2,MDA,2020-05-02,85
2742,0,MDG,2020-05-02,1
2743,0,MDV,2020-05-02,0
2744,68,MEX,2020-05-02,721
2745,0,MKD,2020-05-02,55
2746,0,MLI,2020-05-02,40
2747,0,MLT,2020-05-02,11
2748,0,MMR,2020-05-02,14
2749,0,MNE,2020-05-02,1
2750,0,MNG,2020-05-02,3
2751,0,MNP,2020-05-02,0
2752,0,MOZ,2020-05-02,10
2753,0,MRT,2020-05-02,0
2754,0,MSR,2020-05-02,0
2755,0,MUS,2020-05-02,1
2756,0,MWI,2020-05-02,1
2757,0,MYS,2020-05-02,49
2758,0,NAM,2020-05-02,0
2759,0,NCL,2020-05-02,0
2760,0,NER,2020-05-02,1
2761,2,NGA,2020-05-02,13
2762,0,NIC,2020-05-02,1
2763,43,NLD,2020-05-02,487
2764,6,NOR,2020-05-02,28
2765,0,NPL,2020-05-02,4
2766,0,NZL,2020-05-02,0
2767,0,OMN,2020-05-02,413
2768,16,PAK,2020-05-02,407
2769,3,PAN,2020-05-02,121
2770,20,PER,2020-05-02,3875
2771,39,PHL,2020-05-02,54
2772,0,PNG,2020-05-02,0
2773,13,POL,2020-05-02,206
2774,1,PRI,2020-05-02,13
2775,14,PRT,2020-05-02,189
2776,0,PRY,2020-05-02,5
2777,0,PSE,2020-05-02,7
2778,0,PYF,2020-05-02,0
2779,0,QAT,2020-05-02,1405
2780,9,ROU,2020-05-02,210
2781,184,RUS,2020-05-02,17692
2782,0,RWA,2020-05-02,1
2783,3,SAU,2020-05-02,1396
2784,0,SDN,2020-05-02,9
2785,0,SEN,2020-05-02,3
2786,0,SGP,2020-05-02,673
2787,0,SLE,2020-05-02,4
2788,0,SLV,2020-05-02,5
2789,0,SMR,2020-05-02,6
2790,0,SOM,2020-05-02,20
2791,1,SRB,2020-05-02,514
2792,0,SSD,2020-05-02,0
2793,0,STP,2020-05-02,0
2794,0,SUR,2020-05-02,0
2795,0,SVK,2020-05-02,41
2796,2,SVN,2020-05-02,8
2797,58,SWE,2020-05-02,577
2798,0,SWZ,2020-05-02,0
2799,0,SXM,2020-05-02,0
2800,0,SYC,2020-05-02,0
2801,0,SYR,2020-05-02,1
2802,0,TCA,2020-05-02,0
2803,0,TCD,2020-05-02,5
2804,0,TGO,2020-05-02,1
2805,1,THA,2020-05-02,6
2806,0,TLS,2020-05-02,3
2807,0,TTO,2020-05-02,0
2808,1,TUN,2020-05-02,5
2809,71,TUR,2020-05-02,3011
2810,0,TWN,2020-05-02,1
2811,0,TZA,2020-05-02,25
2812,0,UGA,2020-05-02,0
2813,15,UKR,2020-05-02,1502
2814,0,URY,2020-05-02,2
2815,3786,USA,2020-05-02,12710
2816,0,UZB,2020-05-02,354
2817,0,VAT,2020-05-02,0
2818,0,VCT,2020-05-02,0
2819,0,VEN,2020-05-02,0
2820,0,VGB,2020-05-02,0
2821,0,VIR,2020-05-02,0
2822,0,VNM,2020-05-02,0
2823,0,XKX,2020-05-02,144
2824,0,YEM,2020-05-02,0
2825,16,ZAF,2020-05-02,15
2826,0,ZMB,2020-05-02,0
2827,0,ZWE,2020-05-02,3
